CREATE DATABASE  IF NOT EXISTS `condominiosiaco` /*!40100 DEFAULT CHARACTER SET latin1 */;
USE `condominiosiaco`;
-- MySQL dump 10.13  Distrib 5.5.34, for debian-linux-gnu (i686)
--
-- Host: 127.0.0.1    Database: condominiosiaco
-- ------------------------------------------------------
-- Server version	5.5.34-0ubuntu0.13.04.1

/*!40101 SET @OLD_CHARACTER_SET_CLIENT=@@CHARACTER_SET_CLIENT */;
/*!40101 SET @OLD_CHARACTER_SET_RESULTS=@@CHARACTER_SET_RESULTS */;
/*!40101 SET @OLD_COLLATION_CONNECTION=@@COLLATION_CONNECTION */;
/*!40101 SET NAMES utf8 */;
/*!40103 SET @OLD_TIME_ZONE=@@TIME_ZONE */;
/*!40103 SET TIME_ZONE='+00:00' */;
/*!40014 SET @OLD_UNIQUE_CHECKS=@@UNIQUE_CHECKS, UNIQUE_CHECKS=0 */;
/*!40014 SET @OLD_FOREIGN_KEY_CHECKS=@@FOREIGN_KEY_CHECKS, FOREIGN_KEY_CHECKS=0 */;
/*!40101 SET @OLD_SQL_MODE=@@SQL_MODE, SQL_MODE='NO_AUTO_VALUE_ON_ZERO' */;
/*!40111 SET @OLD_SQL_NOTES=@@SQL_NOTES, SQL_NOTES=0 */;

--
-- Table structure for table `administradores`
--

DROP TABLE IF EXISTS `administradores`;
/*!40101 SET @saved_cs_client     = @@character_set_client */;
/*!40101 SET character_set_client = utf8 */;
CREATE TABLE `administradores` (
  `id` int(10) NOT NULL AUTO_INCREMENT,
  `cedula` varchar(10) NOT NULL,
  `nombre` varchar(60) NOT NULL,
  `apellido` varchar(60) NOT NULL,
  `direccion_alternativa` varchar(255) NOT NULL,
  `telefono` varchar(12) DEFAULT NULL,
  `celular` varchar(12) NOT NULL,
  `email` varchar(20) NOT NULL,
  `sexo` char(1) NOT NULL,
  `fecha_nacimiento` date NOT NULL,
  `foto` longblob NOT NULL,
  `estado_civil` char(1) DEFAULT NULL,
  `condominio_id` int(11) NOT NULL,
  `usuario_id` int(11) NOT NULL,
  `fecha_ingreso` date NOT NULL,
  `fecha_culminacion` date NOT NULL,
  `sueldo` float NOT NULL,
  `observacion` varchar(255) DEFAULT NULL,
  `status` char(1) NOT NULL,
  PRIMARY KEY (`id`),
  KEY `fk_relationship_88` (`usuario_id`),
  KEY `fk_relationship_92` (`condominio_id`),
  CONSTRAINT `fk_relationship_88` FOREIGN KEY (`usuario_id`) REFERENCES `usuarios` (`id`),
  CONSTRAINT `fk_relationship_92` FOREIGN KEY (`condominio_id`) REFERENCES `condominios` (`id`)
) ENGINE=InnoDB AUTO_INCREMENT=2 DEFAULT CHARSET=latin1;
/*!40101 SET character_set_client = @saved_cs_client */;

--
-- Dumping data for table `administradores`
--

LOCK TABLES `administradores` WRITE;
/*!40000 ALTER TABLE `administradores` DISABLE KEYS */;
INSERT INTO `administradores` VALUES (1,'18560575','Jose','Jerez','Barquisimeto','(0251)-51125','(0414)-92012','jerez.uno@gmail.com','M','2011-01-10','\0JFIF\0\0\0d\0d\0\0\0Ducky\0\0\0\0\0<\0\0\0Adobe\0d\0\0\0\0\0		\n\n\n\n\r\r\Z\Z\0\0\0\0\0\0\0\0\0\0\0\0\0\0\0\0\0\0\0\0\0\0\0\0\0\0\0\0\0\n	\0\0\"2BRb#!1r3C$QSAcs4%aqѢӔ5DTңU&Vdtu6\'7\0\0\0\0!1QAa\"2RqBr3#$\0\0\0?\0!Hw`A[#@8@-4[;bH	Ca\0m A}AV,Xᰀ}hkG쭂,2rxȆY@,L[XG۸R۳[sV,dvM`Xe-\"E{[,9I	m--m:٭E;lOsJ0)mUߕ,QBDEM6=Cũ`:?2>;:lv=|Kpޗ3#bDcjO؆G#C8{x z<\0@<6\n@=\0	\0CG0`\ZWEpx -\0i\0@$4[H \rQ`A`7A\0v[?q\0`@yX0X!n-{#)mGټfR۳2=ֶH 9cϽX\0hۗ&\n_ፖdӂ_,k?(1pYGوKc<F</}W[y,TeCt֬VFܥNLy*e(O2llja7PVM{r߰CkDCmhS]]W!Ew+݌a(S[P\0\0@=\0	\0\04p/rd%\rt@<\n@z/ }mUHhfA}-<\0\rLi\Zo2jFk3(-|	S)mp$vņϖgXk!݇iݓe&\\ր<f2 bC}#X]ĳX#yK?+#4e\0ޭ\\VbsV:\"iUg2\rӤʪOv?ڵ3;0y69^t|EOocg?8:E/?{viS[Wʏޕ5ti(ɸJTu# N0IyQiόL2u`T\0.nirdYl\0\0	i\r&^A`@1\0Xx J;_A`@^ Ї\Zj@Z >Jgdpa\'%Ln\0mг2fT1{HȭXfg}2>)0#Z\0&cq|!Y	s #*\"׭VRY|U}uUh/fO$\Z	]X;NYZlUVKjd}G8*=z=v\'fB;e^d56ȿm/2rv.ཾÉS+Tȓߊ*j6vT\nZ\\u;/JpDy\r\nm%]-u@+6Uy/s;a=(JV=$۶lCF|gϼ+=F XVL*Z=5+E{&gZ_3r+es$$D&8M\\kJ\r_fmZu־36\\˵du\rh5hA^Zҝ4[y%uV\"(5>P `@m0ԀV,e}##o#\r)raa\nB1\nZ*ԋЧҔ{QO&y03fe?,7Sd)NїZpDr=0΁*.imj%JҴ=JiTDl5\01Ze*q\'C.@8s`e$t;`\rr^۵[D\r>2C͈pEj\\+Z?(i\\\Z^DRbs#NHXЬ5n[@WxڕXDuUV5 US[۲<nxu5/9]آ[]TD֊dQ=oY{W}lIaWL	AqqlBŤ5|ԶԲq^=g)ox)ܼ╇b_oz2tn6R8t^z0Y\"aLml>\0`0\0zg @`)ZIV=u^l1b\rzp*htV&9/|fDm#E:iOSZkZ/+hf^VVϷi<,IЩ4Vbyc\'쫟y7bzBiZzZ͝{lO_x#Nֵ)mvl^+:ZTLfSkqVOYdB\0XFs:JJ+hNyRZtkUbwUEzWX/҉_#^>\"SaRk|RF\"@^WIW(}{Z3v9P\\=>U[,4]rߴ=?,\0?^U :|B6M\'_-ySeY&¬u<n+]zj\'J5\'<+A<g*zkZz4+\"\\T>Z\nz[h{\\|E+խ}({`I:kQtz*c^̼>	*%҅Q\',_\\lHϑmk>\\K;$?JAnUN\r2nyQK}s4׀8K\0fTj ZjXS+\0eKFJ2@v[j,4*3S^QX3՟֏V~tg)*b.K`UԲdF}Zt\rnL\ruϻ_N(q]CqndEG0\Z׆g\Z=;	>9v0lY.>IN]DEu*kube]ḵ^,k6el^%2k0%q2[\02Е0L)jgUDi4q$#o1n)K?ֺ\0$wy<x\\||od\"&٠=J崩tVWEdͳ>83(^M@=+Z.Sё!5Nu(!QŜX|ǖ)92zD+ϲI\"vk?Ec\\^+M0ab6\0g\0\'LAjtz*`إe${#6x1h.	P}UΕ\Zzi\'nk#3k9XW<<ʌzi4$\0uRpVr^	YWpצQV+<<\\\0>VV39eOlJ*)m*u:ziZ^^:-9W<˳97&uUh}5WG\n#ݮul\0W0y{22ųJ<FZM}?M=ȤqHrpjdFzʽ$_U lWտ_O\0(oc+25+\0B\0q{4)I-Ti\0\\}t|>/>#\0j>{r򯖺wx]%hb\0\'hJLU^\"aJVST)j\0|1;\Zz[v#ZT)Wi>Ù2x~CW2@sSU魔:.t̨ӣVնsǘl؃&8-<eJK^Pҫs2WST8<stc$t2#B*H֕J3vukVs|5Ɏh$J]ta[\0(2d{̹/L!k7Ǐm|bRHಈpAr\00Do8>GޡUliM.5`##*ݎ.Zʶw,0&Ӽ/뱡YE$*foA14EgN8?4poIpkZMh	z6Q܃7 7Br`XZ-A<4=IuG*k\"cO5ta5U>pJgxxd{d[wXi*j13m^u0u0`dJؓ\"^Xd?lkJҽgW˷yoIdV#}?\n숋Sd^i\0W7ґp&LHtעtH\"&4Zk8oy,ێ`&ֽ&wFkVZǙ3u&g?j<z=RdtϫL|\0\0g9h*v٥+^fK:&EƸ~Uפ7p]\ZPU(N:mҵˤ/<X0)&Hҵ[Dkh\0\"1\"-}zFq^lcsI8p55>hkA\ry׻{EE]+CA-ptkUzjX\0ͿsX9k$xs@)KOMtJt\"gtk4~(^rëNRc!AiңҋDF0}/kgk#ҘȄVܨ?\0\\*i%JQ{>1gQ\r6)E5L\r~)\0EU5i˭;Z,>N	Ts5Sbs{[ֵLs\n\'\ZP9Ѳ5IBҕ٩WQ>G\"#?eo2Ł<+.PB=\r5K[G^Gh:ſ?7cUmD`=l.Ӧ/&8+MǓ#˞UR\ri\0.)$\nWJG{;s9y!yDguuʀ֕^:=aE]+}>#.`s3978@qec:)OGM߅޽zmkXGur~aqQ(<cV¸6SDLpN٪ox\'+̫\rogZPnq¸OE=5Xȶ\"k\rn,{a*\\jt%IU\nFIRƵM$?ցRd%=[^p{h`>c0wF0Bk&=ݴe|vu-e|VɓVPB\\kCb@\0HY^0}UMކc@k\0ح?5횪c0^T{/m.5R%^Fdʰ@\ZpR5؉{o2֗/2\0׭bO1/W=J|^萍c~RX>[g4uىn }3v:3Ӡ\"]&Ą>GؗCYAݵZAҴKVg0)zFLysCY7I-jQ\ZRՉ̼٭J9[r]LAu/Q*\ZWֱ:<Jkb/\\\'oE539bR:ZUVM)mӘI|~Y552m\Z\0^\r:)NMQO[\0.SΜYp)Z	VjW_Bպv:ٞ?,3:Ȑ\"uƵ+DZ)/Zu/gf7qEI#@4-GZEkB/\'\\c~V>Jڿo\'F;(#DcMض3ZVO4,|s&OgTk>~$yۆe]ǋiNt{:>}V>}Tج*tVM֕\ni_W^Z~ffcr4vy-+Zh-i믭{XdZ_JF#*SR#\\*́ri:t-r+3\rū5fGg5W\\~E\0ekR#6\0AyͲc&E:iZVb=}=zOɪ<Rg,ly9E.YA+ZZDD3k13Gm0hsb|[B_]F\0HJFϊ?`&QtmO)Zz:kZZ_|GüƏPj\n4:__]Vpg+ikMQ\rZAhC_G^W^Zr4bۙ7̳\Z<TpFĪt[hiJzR1-Fj:\rOisVNe~/-<\"Eسq2 a3ܪx\\]fQin%-xJP2\">(1@#u+C@ɬdle_=J`شv(j%!_-YdH~9~6$e3;F?{ZmV\\({q#C4^T~9\rMpf!\0̳;!u->\"pF\rm#a	,kKwxewk7rC3\Z䩌)@_`5f{ErN1 ?{:\rsWcE͐\rEaBߡv%x\\RJNpAwo!\nB~A@,N%IxKЕ&CgCXGhCX>0N}k ilCފ}ESF될4\\;OqbR-l͛eLš+5A}Aƛ0ڀ72/r1DK\0%\raa@ػ\0	HGB;thY2l3#q]VY0{Ȓ`3kơuV*X]7Vk3k(*f?\n4a7LyZ6،׶[	x(\"𯳽b,2Ѷvg0Fw\ZV6x{,I?[mH:*kod\ZYj]_ֿ-/by}T?uA&^\rlZ@-WxK*M! {b\Z,?BƂ\"eJ<>+`L\\vxQ7ҽ|ƆGuٝe-#}ENSeDz;zCf 1-aw7Y\r\rLȾ[ڈy&[KlGY8QON&Jý;Ҧ\r!f!AhaejveMeXmNk3\"SO븩)lc#q }f2Ό߂>)$F֮ƛ!s_]+c5\'83%ٯB+uYŇjחa~zX3$k8pO ̟6z6MöO9Kվ\Zw\0C.|KڅxZ7UPx?ZNYĶqu̘ĺmCf\rB܂6amv%p;irl%hX6\r<=(dARl	gAr\r}.4XlYxxj@NP*exxM_iS(wk3MXЊ7>2.{ov9^\'~@Ǘ3^?]w݈Cz៉	IK_ggm\rߗrObt00-]8C*2ɰv}XD{h.=	sb@J2$CZ7cΚ\"]e\ZҦG\rqfdfKOӦj2Y\nhOf\Z<[}ճ7͑Zƛ$kI]\Zvi۶v\\mz9<̵,ٰ\\Ν+\"=llIYƱ|q=Yyؾ;E99AJa@?P.2	qNyFc\0J͵Yd؛a\Z\')6pc\0ۣz@6MPVU\Z/MU</IRdi\r\rH	hlXh@ 45	Gab\0Kb,m <6!5f^h\\dn.RfN[`!f<>VMY,C8VEs͂̐*kt֫#hO!,qEeto,Xi0E;.\"ݥ)`&ArkR)#\r ZBˍXih} ∀ v,+#SXر6xMT2\0vU:x\\r݀Xbpg{fRjd]\rufbp+mKqmf?6F]uYBpԛN%0\0_?w&ss\Z즻ir x]>]3vfd/ZhY\rVP{a也/լ=vdnM{`BƹlD}ql\Z6HsWmlfkZҡӤa6R\\iu0L@#3XhvPpwl]{-i*L?si`A6C0`\r̴!@>#+7\Z&( \0D,A`!e32gBUZk1K:Y-2Շyzí:\"+Yyge\r\0f3qy`]	\\iTVQd;5X-Sn5Jpp\nZ[瀊嘑XAMb|pnXfl#*gx^ک̳.8^{Քq8m+mᵝ5/&tl_g7S:gݵvaĻ_,=i5x/_?]3]s)P3lm>a<z\0cM-<S\r1xؙ`? IEplybwu%aG9F3uTvM]l(=@*wlM7]%h.A	PS@{ P<=ZP} +0\0@,5lz՗+\0-BARu\r\0\"v[\"MGYh젣&@`ZLaajT5-aXfC	SYUe+5+\0ESYMh+b0pO$Ȱ-k~0m7h1Q,\\k]XUJ7\'3!7Uj䁘Ԫ}*EQ\ZX\ZUsu^u\r3TIa6LW]{o&K\\OztÞ\0|vN]{qyw4OZ20\\j/lszud|0.q7J$mJAyuaŋ׼\n!W]=	 CAlE+b\0`5HeVr}.AuX=w Q/AՖ ҃`@^<Az՗9%l:r}.\\ś،D9+	\\Ȼ.^v\0ȓ֕2עFH	*dz+mH7ôMhB\nH20\0$Eza:Qfk6;_#e!wXl,nk*,&R)ţxŕq_nŐZb\ZXSiRlm,Y*麆YF}uDҲbLhޚL9C.M0H&sR#Z0Ła+y\0:Whp.cfhmwÙVX6Gy+u`ƴvXSx:CJoi\0l~\"np`YϺ.R9I(\Z ,<lYhPJ:ACe$\0@%\rncdV\n+AJ7dqS`̖lbF9+uꤑ3fMEeSĬ@p ޛT,q%IUb3BjI=ū\\ZlU<k¿\'}8EM1*1dމ0C[isgr\'\rS*s>B ?f7Bͳ5.oX$,T@ьcB֬ĵMF]>ʜ׿iUz:{(~?Q|,Gv7l`{덲\\\';]pYC/.UͳH|=JثKt>:tud;566»,@WC>=[Y\r\Z-nozTa\0,< 9e.QxeB`Pǩ\0ͤ6z؀K/+CYq*H.\"5\0\0KIVbZ#ydHso,zJ%0uSb\nBPI*d֯>Ksa|I97x!wZ7vUVb1	dy]#bP^	R2~OћZ\rb\Z%ofVxkS\r*xkhS%ǟŗy96,K 6ӡE|f?jn\'T]ĵ\0ær0ocm{f^];\"\Z\'l?&.^7ǅrAΚ[L|QZ9h\Zv*yk2f[bG[P[(îl 6kPd*mB ZFv`n5sҀ PҀZDBPAX<%ֆAzdv-ևge\0RVˌki2fs6.\\yTZ6T&H	wBfq	.ufj(Au6v5$Ȉ0ϋzUX\\pXM;̥㻉}]P=c	`=ڲ+SlDW)whʭ;lJf0is_g8sfXGF\\`,a1L 2^2wk5_3ߺ5LD~Tou|,	;\Z\\3&Q;;vKaq\nwn\"۽OY69!5ԟZ?X6O\'BV~\\=lY;DD.edڽbWnAk;PmN?9rG䀖œb\nCB\r<8,`[6K@;$w.hɰ<.-IeM:	.SjsY#\rZS2\reʛ\rYvMd9X6Fa<ԶWRp$EY-`Mim+6C#|2i6*|=WU):\\M%m!	\ry8c5fG^^bKR\ZigsET8v?,@#3_W[]ai/Y3\r~Jc\0Z@#5§\'x~iUX?q;΀7E\0JfO bO!9mȯl\Z.V;v@ýo)y\'~⧬s?:{&#0(?Ҵ~5x/D4\0X0MX֠6Qtў	~\Z-[P@UOCY2zށ\r! w\"<$fOh;ir^;n3Po*.fʃV=T\'<$\'qުGy.˻ZTLQᄦְd%\Z3S8h5j$$JbA\0Z\Z^{ABmW=6$;=3UGhx22Eߦv魥/MBɎ;;3\rhcZbۙ\\	7I~t>7ҥUd2R0T#!b+L70jUdakRg8V)vKf\'ZfU֎Z\"=se]	iqy>\ZK7\rs{A4:(I?սXC;V]P:qQ{h7+K:뉿ʩ=Ťn%O#L`Ȓ0Z>Dg,%MWs]4gTᰀ =r՗zH2p,	l6_Y	\0b^^9(7ҧL\0W\'_2͛qsaMjykc\"߸vnL9x̑ݥJ$!|G\rOE|o	bCa:f[DjvҤȐRͱ[aa5d&ܸkRcpn2q\0۠zR\'Pfm4)#,rXr\n6zǆ\rNL<;Y\"Y)JF\re`؅K[k#Qd!v\Z2Tr=fΔl{\n]y?\n5O;H^mq݁\Z\\F_ZvQih3ɶyvc-\\]99/şޟGvL-PqU-iڹxR:XZ)0J ؓqyS%O=@ X=(h %K+#%zɋ8)bN\0CPXoP	\0b^؇Pn֗.Grٔ\\<ځfh&{6*4\ZźBfnތ^Ri~{0qaf:]`r+l4JMC`ؗ\"Xkai |8vByaNlAS)~A|c3wQ÷abhwA.h;9͎pޱBӹ*MDgh Wa՝tFX!{6\Z-\ryLuU1F[[!Ñsڝ15V9Sw*R8Cu7x?Cq_Qp+J92m=]΍xs;k3Un/G(#7#Kr݋ʩ\\e;jԪ;>.$eHEzPFRߩg%0^)CJYz\rXl	\0ir-G̧lC[Y\rJm,8e\rY4C:PFj%<dș\0Eeh1&ñ5Ua¿?\\$Ih|h{6𷭵̞>Q&_iUخ\Z&yAay[RF̛L`3!<\rL.d6[y=Ǣ׮5<@G^E%5׭ELD%I=d@]x̑\\2VdtVae\'B7u[17묺ÊsvWc.YV]]Gnr?3v^<ҹ65@ky\\Kg\ZU|2ga}7\'.4o^v8wNaҏ\nK?${	 `R|0U}*(,թT`5_5Nal4`+C&@-<h6[I l$@/\\1gԲ}B@#nt\'cI)O(ِ$f]<{ -z`g-_,JQ;oq9扻:eIY=o\rĩ;}\'+]YC^ܴ8>dnPe6fOQ)|YH*aq-\0OxSbٝE~]v\\z9+7FFCƌ\r3@\'`0\\1YҎQv<9zki̗}r1zoje :܋,}j瓃cV;>ݸ;K`xl4~ٯT%|pJ0\\˟;ym_MӞrdmGSYm\0qs2:]CUf6B:6i{\n(,hNa.r@?qfɆId@<6}Pw-RL}A^+	,ph|\r@wlKcѴhU>^c\"|Dؓ\"ӡnZZȘpŒsw&0Gz&DJ˖92@uҦu=y{Hlex\Zc\n>kgjaT0 ;d^;L.;ZԳ+dSb\\3,MzMy+{ׯ$dȄ@w^{o;v0\nC֢\'?p`0<fd=XEe,vs%􏕐cp3-jAޗX3Sd⓶|eW\\,-0ӰQn\Z>V\03o5f5r\0Bn.E_]Zƹ&J97ͮVxs;ʰ4Anm7F\Zh\01mNS~v@uj.NxV0 VL꽻ӡu{.̑0\\ɦwD0dILbIXJ*F @%Iꭃ@$xö|s>;}Ó0\0K*d&Bi$\"`tlQN&㕟AO/kYo\'cXFMs/s7ůff匬Sw{7J:1j_irflb@~TܩFł9#y \"3Yf ; Ȁ/<hm\Zh\0e[m23g)FTWLn)Xlfw]E ؆)=6|g<U3S[%WBmϼ\\6͟02\nu)ğoB^S\'M^лbXR܋L,ZVOe5SFm/Kr0F*;	ғ½NAxUQdCOTuver0T/;ZMf葃J\0QzT\r`@5\0Fl%C\02\ZmO0^\0;^F L^0GvjGz\n;[z[#FLxf.BMձMÜn;\0Xjl4 6&#J32+4!O\ZQ\0]o ؄W!4؀A+$iTcu\0S )3, *IT΀\0؋^uYfH̦aIЪ\'PGq1u鼗pHxmsX+\\m*ehBζ]J\",.=3L/qt4JWOk>\0TSV~GuN.\\#wV]6wJO\0ރaX>UETum\Z0e4	CAc%La*M׹dց6@+:h@<ldҦ\nu^1:(D0v(l>;$bĴ;ir6@&͠{t̀-嘂ydȅ\\#bf\0 +6HY4wڀr\'h|A.;d;\'m7 ]Nt{q6Z;N\\̟{ct]\re3x,ksIG,\',><\rBdn\"i;?dZ+OnaC|jTς!4kf;z3l4rcb!Mh6^TVX4UWhsK{+e@X}\0Qm\"XT@꬚@ >P\n@2@:^L<4ܡ=f0u̑e+Աg;`&Չa7.A^2Mw	ؠzzN9n!=r2dA`Kz\0WO \rNnBqҀgJ\0whD;]2 \\Hv\\9/i-*eT?a\'ѭde\r%{NF>`rʱ ؁x?S@{o,D:\'cm/*mҡxp׭i [oe LgL9\rXOǵbVt6E.er,g\\v3aS\nAgKʞ2uUWhr5aH*O8v>CG\ZP\r+T	[+$v HY^TJ,*WqL6Q	\0 h#+J4H%F%		|}CBo]5@H^0-\"<Ic&j&aS%0Q0\\\Zj!z=?;JLQȜ6GbuplNOwDYcg0eZ2=Y|x0E׆o-O>2\0U;gWXt Z2.Xâ9ƹlݛ0y&猵{UKj05)4.AuQ6~L%5؉Eenmb[Yg#PһRE[9qޠ+as}TVԚ25yj2|*!M|+(lp6SV)hh*JH؆\0b^PJ [{` ;	CP!\0@E` +ʉ{(-\n8A,X8=D.Wo<l@lD<$G62~6*0uu#{㺌VW60cٻvo\r#wm#p-|c@#|v=վ>!k3D(\'E#%hBVk\'2-ҪMicunӊĠݿ\r9CMzϐgD;\ZY*|ɍd|#R3͸.-k+GRQʟ˘>wtWm#|I*rg L6=[9\'&pKGnGe !dC\\|\Z5خTۤ&E!x*)\Z[VtPvV-:1[^ںXär\0/\\Ǒ!bBJo<>¿hWlSrF$״bkAa@8-\r)R/\r#@8\0 vp\\0-``5oّTdt )͕F\r\ru@џ8Ŷ4f\r\"6dW2;)SS`<-ؗvp:(,nL6W&Va7Яb#{,CؓHɱ\'\Z+\"bуB@yhR%hvJKj+rVzfg[Q,r<w˸bSsj18cUyO:#sx{\Z`n78g]m9L[.obm46P0\ZF/m\\30vͻ=UdK/<\ZX<!۬GYHk^ YwJvF~u!-- 4WkL3qGުKnO^SFu!2߅0>Sɐ4\ZWE[P\rtZ~_u@/ ڛ:$\0\\\nԘar\nB]oX`h[8=lu\0;+xi8jq8D~X-m0~Щae=m\ZTЩ*,\ZpwM\0٠? \0=#-A@LT\no#&BץjQ[-$ة\"E4U\r<e&@鱩- s7*9\0/|#Y;L=<o_Zܫcb=PXM۩ۖ74H>Kj};2e?9~UK.^|}ԹhyEti3`\'*@~0v3A䄬XOޖ\r#S\" VS`J]o3LBg8R`dq}tZJ~24윮3~qj\Z35\r5R$o5@9g]HKfJ	3[`s1ќve5ճn_n[2L9~/]#P\r4G	DBX[;f $\rNBU0VvP0]\ZJ\0@[4,In%<ײ=ֵ2g({iSrlCG[\ZnOt\\7X8v=*\'ju2rѵ?M;NuwI`@fׇ]ge0۬3eRKb\nXw͖D=.̃i:\Z6VpA,H͖-;aEY\ry	7Td5aḦG3PwKtc`QUlj7v8jhgjd?CS=klSd~J[MViBw2`3Ae5L!^`&[ѼFv|&mИ\ZEZ{s)9Wuf6ϗْrÚޅty[|5V|9SG䉰q0z.yi&lJ<z튚m	]#Ky&\n^aGtdM-pa\Z\n8VK5\";| ݧi,l<{]}5cFm/8kJ7#B!CyʙO֑60w~R	i?kP\rK\" 7a7&dӡV,v `7@ a(l a2Ă\0+&<gѣ)mrOm݌C`y85}:>ĭL<>68O;f<amX:}6mխ{/\"v6(IL(YU!|wL.n.3n;RrlBNhɱׄF6@IytasyX4[^7eÌDG!˖\" J#e6 bPk_-D{\Z$IY1q\"kdZv=xÖ@;$]%5^߷GB}̞U7v:u2O6\0\\׉tos~c}κ޽k+u7z6exQ]ZET\n\\:fh;߷@5sQ@y6(<Ò}-\0{,ǃjUe-}sλk@l\\ӊYn,-ͅNGFi8(wwD)2L	,./aEzց:r8@?؀_YjZJ	r2ivA5j\"c@t\0&~df)!<@n\\8ە}Uc	mLzn^TN5:U[+0dyfTs]hӭLPb~ ̈D	K/fpP#kYڀAtO<4(d@nC(0d?(V!<u!6Ṁ22x\Z*_#` \rH5mڲܧ,\\L}u:Jaa>ƱL}9l}gqqwjíe#~A4csywzH>\ZCN<b\0h^|.E~m}ݲ7F6D	y\0Zgx ʸ\0J33&u꛱eT(n>C}ꭒV.%?kٿ	r5ڨd4ϰ&~\rSDsy2 v;63CAM Ch尙Tv^/I\0@+ノ7lF#bf<mdֲg\rfi+}ʜ:/\0Zy}W˅t|t|`!-yUNŕ.lA*,07\\nq+f~&7[a6=Dh$d؅&C\"waS(\0zZ`pX6\Z$2;fe22 2F0(2@/\rjC+H~\rlJ#fde	঵Dl#ls}V/tbI-ȼp/$Wn\Zۘr;=LYS?Va8\Z[r+ϳqqjĻ\Zss4\Zf9~Dwu\r׹#>%eə\"$@I|Mkjq\rɱUyuDzRLxl#xv<\\}j[vR0憭gX74_SZB㕂̃1G,.h\0KYy!\0t[sjl[d)RKj?B^nhe@ @h.UQx{CĘR^6Q!fDOk.\"CJ&M C+׉s{=á`s8d%SуQo#\04\0Ằ}|:\\s*j~x\"Ň;zvf\\Y\"fN-Z5h̉bqZo_ݶ\0sF7X6vu0Zy2,As\"0}u0Z\r\\Q(7&(d\rDlu0ZxؖIo&ĕ0|ͿxD]]g.?gلQLFJjMgNKJ]{USH9\"j{f/#[(]6&%ggo5[q\0uJfqB8D1Vg7+pcVKC A^v<3\0k++63Y7@\\`Kڜ M]/kYl?&a	CR>\rg,yfs,uu.g 3XbaqKi.ΑhkJ[Y{SHl&ƴr5xuw:M d?Tl.?gQXnZIF\rmV$f1QMʚɕ<v{9UV )rֈrg	q8G\Zw::kv0\\4͢\ZWLL\0zɆDaede.F\Zl@se$9\"C=D7FZ09@hf$ؓba֤E+%2woZؔ0X<|mY![eLK`QӠ1e/3ed].\nٲakźaO4YKi@`]	3\nk\'},Ƴ*yكfЖ(xgv&Ƭ;]2\'LeiR<,\r}s%~ǎSGiнM06tH]gl+b,];yo,A~=,3c*+uX/ QVV6Ƹ%Z[Tpgg)Wܳe\ZWuu:)traf642Vu^KY\\+e0i_ir9xA\n1κvwu\Z:;-\nsabIHr:RC \"\r\nY2eq^+I\ZP\n6ZѦ A4(le0ACa.@!6$9P\'@ɡS\rGYr0Η5qts;oyܬqn9nK,	<o}uUZ9`:jhtɇ\n-\n,|#ٸs6J\rl4X5\"<٥-y8\'d{{il:zJE;Z/Zgf-(UgBKiMenYz{x7ZtV#b<GUu;\\A{\"1dSC4\0;RZ8YMi6D{o/9r{o]$PwA;he	@DoZ/%o6λ`%ʪÓ6:1čKím8Q}5Ǵ.V+A{ūd+\ZytU;-<b?y?lU\r쯂΅̕S+v^%L\r@J\"0Yh\r=`lx-A6ph2$Bi2fM+bTImmMǒ1Ϟz78)w$uYUjA{}XSUeAzn%y	ff]`^{V	[T\0(Cl\0b{p\'FɐG\0UX}kW]2`QAErqsf}Io@SZSYu îujv064OB5.K;:}uCԎ\"	W%\Z\\n\"	\\AR57]i43)!\"3p/F!9 <\Z ׾-<i\Z\'t\rrqsh}.FO˧6	%I[hl\r(hM64мΏʳ5w^f{);8ldνC\r\n%kR\n!%5vwh\r\0eeDah |;4\n6妠9\r\0\0CXtP	+d\\SgUW@@?%vQ:`\Z++-1dW^4nRgƚ֪Nı\'Q[t\\ٞV^۱fiZOʥf\\;fJȆ\0aCH6!Y<֬CSg\0]e;Jdr6E*jmC	R^ =Hqܱ㪚ጼD=̇\05t^aPP\\pI*GwH*W|S28FR7iz,UYEhtSZkW\'\01[j=Df]A}_̖UNDFo(ot=ZF횞MYAZ\\)o#\"Ʈ8&0ay58b\nvqnWൡ,]>}aois@ȯ=ý.ƚ	llGB\n@#5@h	P\n@0J#=\\a@Gu 5{h6;	ijNyObg3U?ط@\Znw3mῶ]+@xuvmjw[\n0%T̹+,yӷFCP\ZԶU.̶0#޹}tb\0^6 &$?oqzŘXSX+qC&Y3b\r+5LO5iy@D%[fN\\[.?hTH.0}6>\0y*77hFXtS-!u\\KسoM\"͟(րWd۲f>=j~i.ILmOI=\0 3kF!C5=f\r#\0m),B?:EZ>Ĵ!\r:vwC{	d5e8}\0126\"wvp\\)k򳍥d\ZAr \rA`@:\n@4R#e(Yl9؀@!zGZ\rAR\0GW\0t.yvsڻB>e<xdoz\Z+vgv]aժm03سqSX/c	K^WM#`X/ \rOzSYvEzld=HH>ؐ\0h[;-`WK\nHp|`: QfBC@jLB9Mi~OWQ0Dټl:+@EfPPV6QYbdtЩ2;\0}eBC\Z1NJԀ*.xS.lG2H\rkj<+2^+\rDp4)m%L7K]8T<I_x̡ou<18cGbgɏgTd̻ٚQ\\,%p\ZR68hAr 4Aހi3@\ngraa5A֚h$l +m::ÇQWh#|e>byD(woC9\'7Ox+Yf9^W-=d9{夶Sa\n$vV,}cx`]ӱr] Q\Z}Du͵y3j+@X6Qd4gzT{ZφuD]6aǎ4?Dr0CںTV27cAjV\r@ZΙGi_527qyh\0Aȸf=+({[@\r}DGI \0yo1ý@Z\ZFZxG7}C~Wh8g8	H`p\\%؂LC5]^^r^9e򆛯; x}.JOv\02i}D\r+ݕ@-AR4Ar#kmda[ѐx\Z2;50ԌFN4冠;:\Z@!y{)eQV\0M_J<>2üvWa<\0>K2E3n.\\oUHfgUVl!4uA킇|zn:=uU\n9Cb\rGY2:qPS@/i\0h`*;?]2NKu>\ZP\0\r)[Sn;\"N]k\\|鼡a]\":JeV\0is/p#ߐ28iX{Cr5v,|cg+^U$dt@M Z\0dw^Z0yL`\n\\mDI2\Z-&bk.a̞QkٮWg[8e>i6͟yAawʽc,qJl7#wu3Ņ.6O3|~6W8Ք{\0iAR7lAr/@P@=+ ;vikZBQf(ady\0{\Z&:\0NbWգ}6Łޫe.=XM˟??.ǇWCpC]>8v|eK5jl!!ն\ZX,vPO\\:\0	փ=T@x}suD0̵`o,u\\X>!]0=BO|6\ZRĭ*jgE3M]GoGk]=]aPsvIrQ\\̅znZExʿvs:Ylp\0؀й=G=	xonݤ4_g1NeԻeMwqXFX+n̛3]>/{6=ӗ)׺klGbDcȒh,xi4ޓ&A/A =[$Fh^ОK\r!4Р\";@W=jn^i6vgwV:<W[&.8g7tW[p.lfɥ5[w,[5ͳ[Aުd%>1}kwO^x6T7u\0qFEE>`ˮ2l}\\Η#\r@  ˫IqLL\0&:8XpG|mW̇D[G_S7%ΗS3mK8)dY	ʙuSƆ3s־\'fXHx\n퓄ڠDFxC^#B\0p t;\0 @z\Z;h7rU+\\,ksй-u:Σ[28Z\0&$X5\\h։eط/ I uA\0i@>ea	;CeXՆ_\06e\0;\Z\nh\0.kjSa\0v7]\0\"ʸPEsc?9-r8=3lX#=EmY	L)/+$쎺b!rVA*d:[kM[Y(n\02K@֧8@{>΁Xm5?Mb\'Ȼh+FΛʎŜxtxi\\Me@z)wp<fP.S^Pﳢ}4ΛHkON@Dk@J{\Z\0iM1w\n/Z2l9O>L3(óԪ8.g-^Ce6 bFtҵ\"?\nfzq6,ceR4}Z\0/BORx7s{K牒7N܇1Cz+JW_[L}Vq\0?+N8د>\r?{_\0qz+_N7(>|\0󇕵v[oQ}xw\0%|\0\0Wew\0%|\07Y__7eWyg8\0أ~J&yS\02\0bÿ+4QZt~eW{Os?O\0|l)Y}4Ǝ\rҿmν\';˜ŀ`gACPiOK͏NNФoMy05oI\0̖h]dgN1Ҵ\\1Mx<m=(:b!\0xAsgY~J\0.mW^|8}+izWbU?TVeJ>/i[Kh2\'$<!tYgq<F56]\\qs2eXgkhRbY7_7qm\" v5߻%EӋX)lρ[IgŐgWQVJg:8k,fVr7\Zgn_?fܵ❛%jZ=#=(ǥ\0	4\"f6bSzSZMGVdlݟE֩GKBN՜p^C25MSrѥkNעx)Z-+ЛA/c}wt!bmލJgOE׷6p\nRE=R;P{_G%&DRGcy\":+iVִ	ڡۈ7~jn#\'-xxh^E=hzrB$drhZ+BO[	.cC7jto0X(Vҥ)^=}Z}>\'(sLd3%b\nHeZ}R=U^zX)0C\"ThrkN3W0|Sc\'\rN.\0|	>/&0o9hg\0#ȆRq\nRJVZieGb.G\n5\Z6bcQ@bzDi)E65Vgڑᆇi@WQ ɐl2MWU:/\0\ry},yXsHp=Js\\])USc+:;)Zӂt\"OE4Ƕf&n;֌P,(5@C7\nmf763-Цhۻõ[ ٻ!y*,v%[(e\nu=p#Z\0ZDQq4JlCAaewZl^6[)2Kx<=;	^b&#wvV[E}Dg\0iC2fKt3~kvmQa*6,e\Z8Qig8&[\05\\\0\0ev;^`迖Wl.dJnF	\n#\r*T꟪~3#}|$\n@ҏ[F-3i6YO?ںA|W*cv\"]\'5G^஦\"pU-jŦ9g\0)e\Z\01jcAm0\0ҽ}zQezS]1u-:N[&6yYjU.ѾQ^ֵW蟒\"\"1rAk̓\n#\Z֭RM\riZ[A(ūcy0 @r\'㌤=N:֦U?ެff\"~6KZH[?\0M\0?ﲟgX:];\"\0WS\'D	!aI\ZVd8\0Y\0Aήxq>R~n&[)@h\\[+қ{)f:8j4.2p-iH\"Қ\0dJaWt71T?#AFw5YP*a[|1[ؖGr5K^\\ݲ#2v\0E\n3Y\\[ъ\r]t,\n]p;tMihNo@.ZRvkBg-@~FǫNW9u/-W7fGhiSܗO&\\~yq<cw[.~86G2>mvѧ*:)XFg\0]<{fxl]{=\\-MX@&4CŃ i\r}%L	\\ŝ>\\ 8kdtYGѶYY̍\r(*Ce1:ASPCZ\nmtea9|b<h8g\'E\'>̋zMy.}?V*w}N-9KWj55OGе:\'압OV!g^|k\0[^nr?c\".3.t+Jt8\'Jz~x^h^9\00n6ye@Q*tҾ%~\07s,N<ph-e֠:(==W_J鴝O\Zk-O9cN=ap4d\ZF:vF|7y=-ܟ|y6WCtx9CNW>^ƫǇ;/2>_yՒ7-trMq#DmHRH(Wq쯓i gdxi1Pš\rLiB.j6CMs?r\0}\0zf\0M_K~92$M\\W崧f:yoZd7^ɁNagBna_tzv/ce&lNv~\n}1dvKՑ6[*dӢIE=\\Mf̨Y);f\rR45\nǁ!ΚhWʳyEƹ&ӏ?gNg?.s7Gu\Zk\r\rU֔\0dl\rauH6v+m!˵)N>	pvmgr=\'lQ,`%m.F,-^\\ZQfML]>tB2]uGk6Xn\\h\0mk{W=g8߰\\p|`^Z=ㆵj\nN.f$v\nkj_M^\0b2\Z_dq xM.nw\rN?H\\Ҷ.Kyk!l]lAo.lˉ5+7 Y6Xd@ ȘXiumߟ&[GrΗRTu˳0SdHARŠ*40/A	SJ*`pE[i\0VK}d߸toз-[%LXߡo~K}eo<&7[d|ɑ{}KL!-~K}daߡo[#Q}ɉ̏YY4\0Go/~A?%=ꀱxRcA-?WĐz!G2>K}eyi\0@[f\ZPiOYLdE 0ٵ<\Zl\nB6~as\r;fӊK\\7W>jӛ3=ax9և7r45fdF*lōv&Ghɻ<yu<PxyRĭ|,[6\r[R)b6sTvn^P;\Z[G>\raŋ^Dq7R,lξVUV\\4*\ZҠa\'Uj2@˥BO`lC7^rSuUm$o-;c\'{t//R$39Lqd)g1qExŽujhd^p-e4Rfr61Haݰ\nH:rǎ+E{\n^Zc9YO:V}t{Kz#pv\'qO~*Oj0lw:5I.:2\\>R-(*N;ցhom <DL@4h6Y@+\0S(fE)\02\r0x6>=C/8f0`.!z7qq\0_c[y͝Cm]x^o.Ľ^!Fpr֯yvOإCVJϏMXdnƁ*Ar63[eX]\rKi1<4<#ոbE=&SI@;\n0GZaM]Ϟ\\|wttwWl\\Iȑ |H\Z~/2@06φ{vR3\r90lԶ7\Z6d#!(&&ݭ+\re#16u׳FVHF5mkl0ro\"f\\j\07XL\\/<}t2Kӫb6S@} ;GiO:N\0Q\'me3<ffCݻ_3ܶe:mUL\0As#Z	R0%\Z9\0 OFf܀`,4Fmz\0s4fh6:}Uޙ`, Dl:\\0mey2a/~/)Smf\\;2FecwR?gwHX=BҺ]w\ZfGVéb--D\rSo|c]Y8Vy\rTσ!f^`Ֆ,|Jͱw`8bV\\X}sSMu\ZPr𸦵lS{MzwHi4!5 ;8&%X(r?nVu9A\'F!щglKnҹ~v~Ɩ0H]\ruttk2mAҝtZp_GOJa<4 CZV?zoPI,W\0jWFV\\8?xVZw\"rJj݌$Fś#t*.]jZA\ZfCj#ҽ!Q:T~+iiQQgCӨhZ&hn\'E8\"H?л\"\\[JR[)\"u%ϡ72XmqҝkEo8oSY\Zqv:ny}.cMt\"oS8	ku =Բ\Zu/\r\0ݻN*N\0q\nu/W\0е\r|AL\0#IU>XG@Z©hJYRԂ&<r@S%M,@^>>ף)UF-ėiZl$4B+ծ\\r$U&^>5zz}ӏpT~= \nI{*%K-\0Z^vre]\r39\0;=i:WÎtWzTɐ?E]̫YIjBL+ѿ\nפ?dG\nmC.+P`|R\ZREқbs;P_!,q[JVTf\Ze:JRI5A}`=jW)ҙ','S',1,2,'2014-02-01','2014-02-28',8000,NULL,'A');
/*!40000 ALTER TABLE `administradores` ENABLE KEYS */;
UNLOCK TABLES;

--
-- Table structure for table `areas_comunes`
--

DROP TABLE IF EXISTS `areas_comunes`;
/*!40101 SET @saved_cs_client     = @@character_set_client */;
/*!40101 SET character_set_client = utf8 */;
CREATE TABLE `areas_comunes` (
  `id` int(10) NOT NULL AUTO_INCREMENT,
  `nombre` varchar(60) NOT NULL,
  `descripcion` varchar(255) DEFAULT NULL,
  `foto` longblob NOT NULL,
  `capacidad` int(11) NOT NULL,
  `costo` float NOT NULL,
  `precio_de_brazalete` float NOT NULL,
  `status` char(1) NOT NULL,
  PRIMARY KEY (`id`)
) ENGINE=InnoDB AUTO_INCREMENT=5 DEFAULT CHARSET=latin1;
/*!40101 SET character_set_client = @saved_cs_client */;

--
-- Dumping data for table `areas_comunes`
--

LOCK TABLES `areas_comunes` WRITE;
/*!40000 ALTER TABLE `areas_comunes` DISABLE KEYS */;
INSERT INTO `areas_comunes` VALUES (1,'piscina',NULL,'\0JFIF\0\0`\0`\0\0\0Exif\0\0II*\0\0\0\0\0\0\0\0\0\0\0C\0		\n\r\Z\Z $.\' \",#(7),01444\'9=82<.342\0C			\r\r2!!22222222222222222222222222222222222222222222222222\0;\"\0\0\0\0\0\0\0\0\0\0\0\0	\n\0\0\0\0}\0!1AQa\"q2#BR$3br	\n\Z%&\'()*456789:CDEFGHIJSTUVWXYZcdefghijstuvwxyz\0\0\0\0\0\0\0\0	\n\0\0\0w\0!1AQaq\"2B	#3Rbr\n$4%\Z&\'()*56789:CDEFGHIJSTUVWXYZcdefghijstuvwxyz\0\0\0?\0>ٴyܒ,	\'swe#9ŕlQVSpxZV6C&KՔ}dmvA9e2C&n|J׷NbmvOs]6Kq#c8AWŧ6VI%r<mSD?.R+>#eM8CzѮty5nXJH vICmϑjX@P1+J;$vM5E6p9ڼ4KV{Mв Vd}@`^8SKy&mo̌@\rTd{Kmio%\n\0?@mm^uq1#.qב;Ka--y*qƪt.lAy^57L$[cw7d;c|gޥ#4Y,l}U`{Aݠw,!+\ZFX`8+F9	%uBq{<6->518!#0O9#Q&g6ˑi^?I$#\\|8OxOAЮ\"\r\nsm0xlrp=+hY7X+4A3>hWi^Qu7\0J$%S%yZȎgk6xwG^\"l(r^+h:p[Iق\0%@a⮵NYyR͒3үF[tX.DfupHU>u\'GŒIycͷe[?\\ީzkgnao°/˟Ď=18YZaI\nA3*ʂ6:\rE5m+6HRxUd <qnH;OWi\ZtO<e c8==Eu-v[M{$ljpgyQiDE7\n،kk;F9Q>{wpȈPG6#	?iԾf:,\"]6_݀e{|0{\ZfBA?(_!\0N=2+289B)[盃nR:xd9Iu:?xb?.i4{&F\"(d$vjs>?x\'T:mFXJD18=G<\r~ɧ{Hc J\'!o{$tSrz39\0t>/3ɸmcNGT/t>fm\'O\rzJgLj.-e s@q棸+8[ˉ&ofg8 +ׅ^/LJv]ܠ{cێsPbQp4iF\0;mcOҟ\0	olrʻ(SB\nMj94ٵKtmahA?Sz֗9Դ#J.t1JWzQκO\nz\r-Εa$@\0bj!5N5X=GLeivD~\'ֳ;yoKv:?>\ZVBd@ЊѴ0m8;aP_8\0wzSU0ʋ<!q1\0ij)vvmv[\'#\0@>u8j\0#Hӝ60UR苒0+J:mmn#oLҖ#)?oTWl+\'QYRHz:֏*.k_0[ہAߊ5=كGob́FGZ3M.v\nP;sClTv%n̑_>7e01\0C\\R>%ms\ZuHc\0?TN\rU;t=s]7U2IlcۧJÒ)nh]nvo8#kXȞyIIYOҴr\0==j\Z\\|:ip}3q{43ߜ{%L3#8P?_4PrD|&`;Z(ie`	!Fp22G?zQۥ631\0w>Sx\"H2mC }hI+T.[HBIb\0On;sA\nZY@nʤ<\"JP$\0=YL!\0#}K|ڲ[+[Y$+R4KZ9U-\Zы3)8zRQ8Lu㊒ItHV g#Q5wlLVk\")v`CsO]Hl0)g?VɍZY\0\nS|\n~q\n\\<h*dcUϙF,9w*M3[HD\\ \nrO|֚dPyz5{UO?X{S̲J$@}>uDXd|OJ֕7m^{3Mlm0\r<g(=!cWE;mݘVqBF	<|{}Zl=c=8>Yz}%o8B#܋#7|L)HvW<èǩV\r,.r\\{qkl	d.21s}3]Vze}%0TK~ϹCL`/3Vh\0T=rEL#v;F;YO,0uOƈ䔯S{q{\ZiK\'s\0h5gR7ll!;x\09l+]-.xY`TRy=t>-J\0 Ӟk~\ZӮml>03\0@B2zq8ֱLrg$.y0\0^3z㱓N&\rv±A%g*ySօ.m4\\UC!C\"er2\0YV,#g07?+{ii6\0H s.1,cXo8zcn<-.<&|~B;{V}\Z\"\r0\0>~_O~ p݋6e4g@oF}5R+4me{\"Sٰ>O^=x\'_Pxf	Ǘ&3t#֡qnRg&#qۯ]f{a=hSLcwsotlښ\rs\"X\0$NJYVwózZ\"yn\r8>BHʹ+ hV`cz}wgWW4-o/=B;XAq\"N 6P%#dV|vBV\\f qz{j8YIg00Hr@wjfԠJʁN$yҥ^׶-(,6͝\0N2tM|ʑ&b[{ʤ	?SGnmK,^vzj2ͧ gʸLלtF֒,q1Hg(fY0迁\\4/n-6BȻp*\0흣oz.m|IC`@z`q\'6Ės\\Oyig2z$y72eq3\\B#ql`qp9<殼Vڷ--7HNsҷb]57E\Z)) zmxɵN^8[\"\"ux8a(q~&h0ȋ7erH=G<h?W^ )bI1  qX{5VAa$Ҧ- r35|ѸEm ;vGRcD\0uwo/\rG޽i`!bxv\0rruF&tyPC+n}r-bli\n,N0׿rMhu~\r6r%ߗ,se\\8s&mch\\\\x$d<lSJ|\'3{W΅ogXda޶kKV\0mA\Z/DݐI<zvkk%!u?uwky7%-pp3WIaq%ŕV\\ ]J	ǔҷXKiyO\r:Ai@xA	\0V]e$\'oҰ&vI]T\0Wjimݲ#II^&	Hg\0G ӭcO##8]@۞qVn&I&:qֶTTuFRо$\rqa~\0dKT$rGaK!\\LVO~GҚv%+]W\0n28?Z=^+[I\0JsnѺbja*y8$7KEY$d}jE\"G\'8?δmr\\zM#]wOjTӦX8HqGnВqQMɺ=Nwg}^ۻXq=Op1{ŷFNZHҵF0I1Q&xnԕTNk.0ʂ1GRZ-!Zfq\\`sm~L>k`z{`c-/bA=}t1Y,[r@$rrmh<ҷ%$oFeB{{1*\r(ZgnF0]\0hYK|HFf$O=\Z魞h-#(0Xnz۽sKp3ȸϘ(tkm1ןn4Vdsu\0jʹoAw<uwݚ3M=a0FUI1۵XougIe<9I!xqa4yc\\NU9#33i a{\n\Z`w[1_48ewϻc:lLE0euXq? q#\0ECm%ҵݽ;OP	<sǭp!odӶĭFs#\nAzWr7_ldh]jO8>+8,\0zBG#RZZK()):Hf[Eor:EבөB4+mQ	7上@@ 5{j=(,Mnœp2q\ZwVH{ d?y{5)q+ƹaqZjky)$ЀD6,|<ݻqYV\Z\ZJY߭Kt$PeFH><q^|.5\rV9gV[qTpJ<vϘs\0\Zue}>Co)\r$N+$ub.3HpOv0#Ḏ!g6^9郞G;.woT>KOW\'sޭ=ם1ِ\0<cҶ֯⸆B5f.0+RNB\0֒AB}ht-o[/<$\nOsK=YfFѺ pjʟf\"d;#%($8w=yJ$ld1=?5m7S8ۺ@rz\0O˘N7S<}}8Yb4-!A:zU7UO->f`A3xٔ\\VIt[j)޺(bV3HFnqW5%l>cEn\Z`H`0PWYzW2X:y0IH)+#ZpJ(UdyKVF݆Ԝڶ5J$P㜑~560EiQƣ\'b\'pbBA5Jsw<q=YM}k1$bIVBߙnDRX\\hZ|֖62E<΂y!e`A9@ā^%GLV-%+:4x-Ҷ%2\\i.2Г Q<i,R.mY\rcmvמ&624>9ϰz|5c:U|Ú%X%.MN{Oonay!$rK<1.ǜ\r?\Z9y\0IӮR@0B?CfM|Ɵ<)4دasTțrdf=uD7#\0OU;]vǂ\'l޹̩61CymF8{TZ R8V{tVvPBYFq7_>%Fc}<HV9_kSnW-h=5!Z6PzpTP3Ќڻ{^0XĐ̒c Cݔ3sj ˧K0ˌ+m!a[\0&gDS\0d;~}Th%́pc;6sje4֌mˠe!W{Yd>hu\'vy=FKF1ONK+.O-sGA1m-b{ic~z}@&/wlWt\"2\n\n;zg5Ao!=V7qqzܳeY/yy]d	,UsXWQwHc8sR-ƛXjSSȅAuV֭-mmcX[bh/\\f׼w`c!r9+\Z4֢t{6%)r\\e6w=*)mEkU.hT#[J1{gyӾ*|<ޠG*^ȣPٽʆ0Rk\n@2?_Tt7u4\ZAKpY)C1{cQygq6f#cWڼ\"IӦD8ہ߁W[>?S/pF*ҳYx[a)R$9f۳S_G&׷by7,$99HI.<c$\'O_I[ Ȉye}}Se;XHc/xV}}1\r\0yL5!p\';s^Tͩ\\_HJ[Fv\"*H\\gEkXQ2Kq\rͻ!llc~Dbΐ$&eavx*EBdKqfarNQ:\rVECmi^5s儬rHcK>C=!ev؄ox,FEM-ID\0=\n`}sT2\\[)[sqk:d3Ϸ_nPoF݂@6DaR[d:<|ÁH>i\\-}<|\'-Mu/dT.GL{X`Jn\'Ӧ;z櫧Gwf	nhK0	R=:4{}JZN!;ȑ|zFAC8;t9+a\r>Okb\ZXJxct+FHFb6 ` j.tluu/5?91W`qӌn9K)K,dpw+	յ>FݙYjU\nVXi\'r*)@6h-؆m=xɮŞK_Y=L,YIb\0\0v\0\nxzml@?O4e;uj\'3/l$7bΆ/4+~ӯVY	XF2O5i~\nW	܊#,Fv0#:WemJ%,V\"E\rÎ+Yl8v<NJQhl~EAέ02st~ZY<TJK`0ɜq9A&{)wbTzp3hQԟ,iҋhV#iy\0K.\\1Ҷo%0[@#6r\n#3s)7ضBa85krEZqpf>gO<Wdbwr+Cu	\nO?wP8Fk>miCdNvoPǎO^-#j;bRcG\03~v>YږK;,b 2tZZZ2jV	;r_L~>DgTCc!wr{|>3AX@b+}a`[J-5B23)rt{, XX!KAr7`b<]iUr\'vV@198+𯈯u673Iun+I遟Z4]rP4k*6 k*;v^5kx,ݏҔ,3rr0=8ӵ+mOT{+HK.v|XSd7N{jkyor7)?(,ֹkx\\2A3(.A⹝$*:qn?]yg]j6Hm\\9tȼitNePH\00P$UO\\T|//*u}AW^#]$Rȁ6!mUt{Y_Fr:iiG+xJ=J%@Td1#GOB8ua@_v1A𷋟W:O,,z_VT/\ZyZDr,@17ڝTg_u=oM(`=\0kk~6w1qgrM:R;g\"[AGn]h\ru{MsKu>r?Y0q5R;!iuF;i`h|.#X-a@_i<	`zs׾k,fch˓I}9)q;	uMmm\ZmDš`N	u~xO\\sXT0QW5}\0Ax,$tG4wR_1CNN3ӌtf{-=a	jb1AZZ	>XmxvIcr4a.gQ7pC\r ~9潧j_I@me*OxgGm\Z;V3	$UgsϦj$>}qi7\0b>p[owlcksSjmōќy	܁*O\Z{߼s.%H8w|\'z4nxZ=eǧEYII$WFXk.>h]`;=A8(n#oO1Gz_çh\\Ig$(RKP-X[S䡑0<LU!~*y89c.ndAgGl한A5mnNe!t/sO\'8`u6fE_N}¡ƃN=A\0ڴ\Z$f[[=P<_UDP;BČE;X*Ǥh*G`.3qp-#}CXnRQw)dFAh\\\0eGjkͲyv_ovlZWc^\'mQ,J$xC\\\0P޵Lm-!dkG2m1xIR{u+؝H߆g\'<<Դˍ3K2I*Z\"qm\\{ZN&kSM#Q\"ѻ_{ba0,((oߕQcݹr%wccy?AT	 _˓!Gn5kZ;kMPK=w\0&f 	>Ԓ]K.S$w2\\\0I)\\fW,ffRN9,9i6FD1*z1k9{\\e:4*$Kse09g>{\\aXs7JK۽,`Op+w\Z7$A21fy}(ir#ԴE[Zt6v~c\rNX>ؑ6!FXP2xlO\\\Zw5Ť>ʌ;AQ<è$|rŗ)$c jb}% fFf쒡3?\\mgmb4c\nr0I|ǟs^G]m,g9l؊\nwJςqrV8<}b]Y$k C\Z\0Oa?%𽘾$C1р!rW9oou noX\"H9ʴc?Evm \\,pF#]58S>\r2M3uu7;M#\rdqj=bk\r\\qx\\F9ǎb2y\r7-ڥ.A *\Z%vH\r׊s>#ϘvPs?ƺu\'MKX[\'w+~/1!m@wx9?J/ai(X7E\"O#zzPW#;}>X{6Q$\">kXݥ\ZM9$>y];E/cG#6\08#~͠[xF~\"Yݣb̀0cʭGQljVآrLQ׃ hq5I1*(bkG\ZAFQa8Hév?)$F:s\ZޓFc]ecZ[;;x>(mPhzn5tG 00dg\"E#*Nqc=o5t%|9׎yM?᫟yjvde\0dýxK?Vr!Ǚ\Z8׊t$#oC.[8.[	O$z3&hnq$RHѮþS5hM1*D9̡	T@=	88?:<6\\ t7]qYw~WE$|*媅J\0S1ӯWNcy,x1|3nPz)H\r%V\r3G;vϾ:4Lgbvˀ}täb<	rscr5G*I6:W1{5]\rNd Fs0*|{WZkz1[#)AWSg]y0L{H<=n^^&ExFʻv cv7D4$lU\nqP\\Z*OL7,#ZpQVX~Rz>^@֥NwѬ1&n#-\0jNoOvA3zuqu&!AK9|\\K=.l0Z\0}94+4ʏW~k^.%D	c#\'\'Fd|Oi0\Z<exឡZAuiw;&xC5*^íQ?Pf݇@F<t57`O9eܧ\'f?M;lّ㞽;T80GN汝9IH|_P(q*N\0&U,\"FW0Z( mXT(ܛ?NWX1\0_ֵOQ$޷a{GL\'o$\0\\U-*I#<\0\"RK+d̒:dc⠺n]GrTzu4(!@Jn1A>\0ET$i>cOSERVV=xFHUqvO\0{ֺ/\0*ܫy=q\"\'rzUJgOy6s;VVf`Hdn6F^j]]5i|Ì~]+n ѯmkLKm\"uJ޹5;=F9! ذ?e	)MI(h:k^xuLoS(c\0-nSh.UEo3<{נ./	ؼ+܅J\'γ[A?)Wi		y?nSjƕvѱF}~?\\/5@dWb1ڽS1}0pQ8#^?yaM@!0QXb=\Zs虛}Ȳnc9ϧjm?I%U{YɐmF\nu\'lz[jZ\0ߍB{t+˴`\\qj\0ef̒5s)RK EpDZ͔DaG]KND		!g\\eb\0QG7@v=렲KjkZde_!㩮Rc0B,szu<5$Ohf!J)!.]})^[H> TiʬYqq}XdS׭zZWwB\\,ynx];wa=K6p~s㲁Mh^4l\'睡Tu:VI\"ĕw*Х֏A۴sQxk\r*H)#ВIO˽Z<3$}6^9pXt5}kuiP%{r2H*{\Z&b-՗㹵k%߂@p~l}b>=ӠQV2!\03XW{ymk,{/UIM\\`Ek`3ڒM5]ouK02F8skZY^,{q4rⷛq6;G>t|KdMea:_һ\nzv\r[\\E~\r9t$6<-^K/l|̜3Fr\rO~k-\"bBibz}Owi:JH7\0*s<~]q\\ޫi(V+~eߜ\0߸Xa\\1\"$8%XjHnaYh#koWf$*\0 ziRg\0*䞋{hnh7zV5ȕ@$\'B[LY1}\\.uk?&S\\<\0=*.e~QI5a=OL64	nmVoMyG@{*vK	pygbF\0N+u-N=9n~i!]3݆*\\E\ZM>ʍ\0MsIn])In6`~ɪyus\n	<ɭKI/4_54D`>ivmG̟fK?7Ojѷ$8\0dk\Zl=di`Z\0tǵiivɨh`<;y*xnJ,L`kzúk(tS:YεM5*M\"|BdnӍBrtc֓3g1[wHQelDr댱 F{MuKnKmF぀;s\01\0ЯVPMJ-g7sd\ru=`$	biW\'*y\0zv;oA7s߭z.?$ֱ$͒޽(8)Ehx\'P92On{׭7z^o1=t\Z*nҭ-\00[cVn#FtAe\'ԤuK/짵,Km +7+8UOkyHy-oeլLD̫,SZx#\"F~Vy@?5fmO%HatK\'~~<p=&G3.W8]#Zi$±1F=G^{K;Sǲ\\muo3\\[4.Rm&y̺t7Ctr1Ii)X|3t9C_Mo`&g XԗRW\0\0sy|.w*1\0\\^ֶʮ_4#a;\0񃍠v;L\Z\'fJ||zŗ\0<\Z1Y_25\07\'&_=i5\0Q#k2W6oVsʹ97(1 zƵ\"Xb\Z.WlvFb\0 >[ES#`;;zI$*cȤ}J1%-)ZM2ƙl1ygWXphw\0kg+b@s\0\\wNÌ?٥naGROY>xhLfdxwHD׮Y-׃T\Z֓¶3L\'1屏zHZdnNCO]\\ې}ԫ\ZYM&cKv\0\n>s \nI>t#)VPH\n񓻮8*_ZBc]3D1(,PW\'*K)9I|h<KJ,P^GI\'X\"8ԜH8G\'de9fp=pݽi\'\'vU2wa9<`zWJUeK%ʕ{K0p(Py~#^kxȡ\0_`Fh. 1+K{sd t9=z|.SSS$r`0.GSƲO5YE }0 y+Azm0Ec~O=k._HcT`æOZtN@6sAoqҺ\\KxE8n#{8;/OOz1{m23>Ȳ0Q\0p:,>loI]ZEɽf?	KDTe [ŻXykP.F$hGֳ&^{MJǐ+n 1ƫ\"XNՑGn:s4;\\tWlPmi.Fjij,<?C\Z}Џzso**}ɽ|gZ eBUȏ\0A9ҷt_,\0O-e-._0$w`=p!\n@dqç=-!E\n8W뜓RK-5MpE1y!\"7CYֱ{g4pѕq*\0q>xT<:c=6̶NюIn\0_a^^<j$JV!B1-z}	\\:yHF\\}=q1ߝ1y]eRNǑ\0Ǧ=\0cظǺ&Rd\rĪr*Ѷ3ڦu3C1&\'lX;ĕIUݮS{\nrw;d&AN A{㻳g[.ckp*=η.m!nx\03z{WMҦ]>+A&%aL}OLq^k=GXn[kxe$G,A\n3NHZ&\"TM_hj=щ%d15-Q1\Zyif%|>#ˎq{/皝tkFf-qzcQQi\'abӡ>DybK\0^\0ӭcemϔ\0zu?\\mm$}}`@(ϊj+y)_Hyc[-8\nռXFMP	.%qT/4~r=+*xOd2E}xS%1E;1\0cUa[m8;8~kQEK ?)K\0{=?÷aXgmS\r5c\"4Jȝ4Krx ci#W_ALnel#D\0u_hV:D$dԒF\'7Pr}i\"c&k	&,L4i퓐צk)%hf^I@=s8=o\"1тyh`G1#Dw/\r81Qns^eZ2rrnyzgKwLhABתnyb\0QՌPѤ!Bs½/߆$&y#\Zy\0(۩k⼗pM\\]le;C9r>kQ̚GxdX,̱32,)s֊HEKBۃ$rH4U\'tDtGU;O٤IH;/N#lKx}GBVc;a\'<Dg<7-B%PQ\0\\U^8rn)ysTEA-v71C6D{dkE!V݅XK?\0Zզ[{CB7PrŮdXte4\ZMF,P2kAnS%\09sz]MSg\0s9=rþ.tm{\n;r;{ʍY6tƌ6oGm bB~gxs+l2!,~am8霏˭s:\Z:J%&x`f\n##A.lne|6P\\/%rpqWZ\0:e5Զ̒\".\0G;3{ߵIJ*>=ﻁN6*啮H.pW}F,X\0GKK(,4#PcsXb,\'+ɫI!Q|u >Nu^n;NkTx:т/5Sdb\0C*9l	m)%ׇlV궥~Vi䍭K%O*E$*a65k6t-:	uI(2gpL~jd,lO9:q8r9F*;XgO3ҫ2HV&Kx^3BѮaCZH$IU ;c#~Z_	ykG$ON{z\n6u˂ݽ\'?@yֱVv93ɨ񞦯Ei#zT#1Tק[r2]DШ`b@1AF\n@rOY8H7ܠZ*}̥Yt&СDjlyry[LVΝ=)oˍA7Fqێe1!dp?Zae!;wU(4M	&}v3pY$szȟU̯w{<BWuJ?<gۜgv1IFcڡveV@-\'\0Q*R)l4FI.T\"?{;V彮HEnF+aK?):t<ulIT c>6FE˨|d!lS6KIXy6C\";E< 3:i2y1x;K.s\Z=qe `qǿsҦeG\r稫s~\'~2X-Wdf|V>H.ԪIFŴCB2?{?[x>\0-[gׯo޼gAO\0kWO2v0g3\\{suGAmG5k9k@y;R}I~cR+.Gr>nٵnVS	=}v2u	w@=S͂O!iVs3Kz\0O n+4]R\r8Byzt$u}ΫHJ\\Md0ONzӤCʤ/Hji*IגK4y#+!9W\rR;E4#/קE%$zh\\~8IeVBX|\ZIX/A݂I$^5d;ycFlu$j9ǩ{7Wys+B͕o}kռ\\$vIs&Wn GxZM9Q^WȲQ];x}kNN1[\"vyY9?Ls|F-M\\[MYX(sӆn_ڢ,,5I \r5zZ;KTU#+2OZ-zt,v#?\Z^	hQU𦅤Avq0YRI\0VCXyO5OR{t\0Zh3\0c֪\';OcfOxJvqjtGZ7)~?[=m/ՅnyFE,^\n_YAwk\0.!G99R%\'̣8$	_qٴUMF\0eP˜nA4Q7C}\ZHլ+ͷ]p֊V/.\0%D~>[cWJvҳҦ nC~UZ%^]FGTԶ_,X\0+͕	r8]\Zh>Po95_V,eKh|2opWizmaǝPy6scO~7I0t9R+z8Gy3Xᢝx\0+K\ZXx.VHAǭo&A2FrNIOA]/\\\0E_~	=Kdxׂ<cud,f7_Q-b͎?|?-A<+\Z-/C׬_<!<˙JGKg?A\\V25>p,,	& }}jy(4r};b3z$k.)*P3O\\5	.#g}_|jd0i	ߑZ$]\'s/uK)׷\ny;L ۱Wjz6W PN+2k~K.[y\0EP]<	>b\\ZN{%ŵVlpcaf!sXH\"sO\r1lU{\\8\\~9Ex@˳K+H@\'f=H\0Vվ8PO֝4#Dw_ZGW0143\'z{/P\\d0\Z#M$6@w\0ZbDb|	,zZ{BȬc!Vds^ w0CQ4pL\0{cCjJ56 <\0y?ҥuif,\0pǖ\'<t\"=4.0FLQ\0 \r&\00\"uŹlұ\0%	\0sV!-3rQ叾sΫܮlJQlsmU{T4mKGxRX7ƭklHrT.@.eTeUR?<PyncܭL!̄gqި#$r$aј`~b5\'aWn,VhqF\\gsRb%ct\nc2AߌT!( qZf*Xd1\\cLH%a љ$BF3c߁Zh᭖h\0\0I׎8qބg?+<PJ[9|}ֺ\rYVqhzLT Y>铸^k,q]0ym99>՗HXk&[}a`ee:zyK9y3/\0֯C<w7$xs\0}2O\\QW.2x<YN5tsԋm Q2+ sqkЛ^jlF;R&Б^/5J]N&ݤ;z{XJ{*kɥ_29sRvy\n:`1KT#Zq8ڼpTH4c\\o#Aa*Ri̙˧}b79𶉪k}x!?\0\nRPȤl<]֏8F\0\r=}i7j=\nɠ[.N}rtG~Oi\'R|G#u{Fn@g[orX	WIHaT*s^]eU핬\0&($Vm\0$jVHɋ@iJ\nJdӹ#[f$f.?\ZoU5p\\5^b{ysoҺ❞#tAw0Y}nQU$`溣]Ͻn,&s\'e=]aw`״<m,(8;@Oo}MGJx?X7zh(<eTN|Z)[?/D<+m/OEkecn|*.~[\\G/ʣ\'t\0ANzkZ<<y695;$d3pHGlԀ)<Aq\0\\6Le%R\0mad\n\\F3Ih\0	JFN1#\nuM5n#ў>M:%.qq3#*I$k\'>%}Zx kBs&sZkU9:\0,U5m;.$m*;&R> Jz[˹_o\nǥCGtˆݛ/v?S{p5;6(Hr}?Zȭ$3_A]c-⤖V de_J,N>Um:1^H	щ?޲,Ͳ#a:Sz4@qn(FqOk;3	҄GxO\\y\rΝ3BT:W?g[ۣLw\";:g km7ܩ#?qI=+X\"H|ԑp~CqFqWL1jb2鿓<}*6&P|*\Z_W:^\'f>Nb!3yU>2T|u#1]PR}O6hVW)TlӟHtƂF<Lנkg!KKy򬓐z\Z!XeF|kxN3YVJ+hip$%YO^CEK2$DmmǑ#9=8L$^qZ1=ssyʼs#\'SЈ˛vQE[n#&R	:qJ BO6S\0InxPIƭߒ9s:Zd\\XtbA:?X]YR\0gbGÿ<VJ$s1RW\0XGlB=>\\qop\\~<Է4v)\Zi\Z`.wfr䏔r烎p){& ,d݇\r?\ZѳYY+<b\r<Ohs%uklFs9κWkO0/pI\0.4yȖ9!CdrO~Asa,,bf&L<0\08ZOkQNqGX@@3W#:wg0\"B\'eMڙ$HQ}@\'P\Z6H.\"`?VI+_fs\ni(\0ǪCܟ0uB0sH4f->M_8bx\nlAt>qV5Mob)p3k͎(afOnA=~U\nΕufp0lgGM99 Fw=$m.)J1#4Y͟Uf\Zꮴ*99^GjRH~xY<=;!h|A?1Wlȱ<h\'|?SNNj}F^qJDpl+MG&*),D*;ps[KmH7>@|b\0qԓ1w0P-aa[\n86#[~ky\"8ln\'8=zԺZF.ĳD$eb8\\}j}k<SjqN	#109?Mtα[am\0csD6s_݁ӡ#^+\rG`W\r=\Z(J]M+	\ntpwh!FX9Ϡi\0,Ll͜T653<W˩ZY\\\0_(mm>Ea%fitGx*im~i72m25pXsTmkϱLQpWY-4dH	c|x;捠k07UQp?S~J7/mX޷;rO.<Ҡcֹu[Z<ӱ\"B_Bxs\Z~Kxio|g\ns`tȢIB%^={z~5J6okvk\ZZj2^7ʮӌgh\0\no+/4I18\0iBm\0Gquۚ\"Ï3n\0ӿzSc,EKHTFS`\\tO\n-tQP6!T\'9`:Դm:{@L{ו66G\ntPeӚHeP#\0uj\Z\\1\0+>=j fђ5&s_ыX=@6ܨFah@Pp\0zRzyŬr\r|ٱβtUD=>yS\rI\0օR3+#N	h`J1{xvT1Gn9nǮA;FI/cmhtM3J=koW&۰g`& p\";vqM\"ڦ͒}ws؛֞P:r\rBѵ^{gf#2`01W@pb*?T_+3ԏ,]9Ѧ-\0\Zuɣ&!@h.}F:{caT/v\'\0b771NHr&$c\ru\ry_B4]X}[\r7,\nDN}?JL$O9F2qF\'7Ra+s\"ԜS6+^K1+|c szOؤj\0?HPpP\04Cg9\04trjPDs)\0˞~M^sJ%8T,1G,F4\nѡvHduFBH{MFrl(L\rǨs֕-,mp;~:$tvOaZGuLڐ	|c$2y#5B#ӄMoQ5q@ݳ\rֱ;yu95p46Y\0I$$NTⲶ0Y3\0/\0Gk[kCǧĐV2qmHQ\'/u$e\0zGQZZ\nM>\0ۨ`ZHd\'7_?bgnn8ݎ==kWKE\"Iks,oL\0zq-\\Kk7Y\rMˡ%?=m5bݼ\rFVQ{Usm2O\Z<خf0=i46&4!&HE݃Ty<tzr5$Μ|f+Ttt^O`\0TAޱ	|A8\"/^h8O8\"?sO5N#lKyШcҴqԒ/+ۄI9.?*rd@26ߎUF8R9*?NӔnꥻ(\\XInaaǯj8x犻$d4N0<ҴaWjýRZХ\'n\\*Ts>T#\'8*Wt/A?ʫ\r\'u 0y2*hhI\n27c\\ZW9o38o,c!OU:)em=[\r&	.]]m<{؎iasv,Il^18=\0k&:I{lV$qBYù=W{SY\nLG#\0spk,\rX	VcSVWfEi<Q8QȺVvYొ[llfhӂ{Owm\";yoB>_bTkx\nF$4:+s->Lf;kLsh+ZKhF}^њ]#Kļ|	 s\0^]2N\0F\0\\~9qwudd_)dBcpF?<`]6LXB+}n\0cwBe?S}8=*E\\	8?Jŉ-$#\n[\0^^q/..hgV걁Z\"u]^ݠbvp{~Gu15w;-&C9qz2ȈQ+\"liH%LȪd!Gl׏4ɭ\\β.Q<}1A`e;\"Lpk\0KUIqO>R\"rr0#G\0^<ҩul\"0V*I8V)OjY\nO݁܎oǌVoI$kz#RK[S{-9*i\"Ag=6rOUOPAOAD\'\\l#^V3ªzsO5	iW\n\0k8@W\\8zޑᤶѮ/Y\Zg؃=9g5-઺FqH\0\\\'|I+2mlXofg\0}T\ZsG|杵BҰ<_j$׌&|tcױƭ]p&*g\\HS	%{)B>)xdgFG^W3S,DSg$[k\04RĀ2@uZ¹4=SP\n[\\dm)Cy M:j|ɜoKG[C;MηbVBnzۓ4eg3CyeޭI>rú\'Ἷ<AVoe@1\\[ỵ3>18 `Ni-}ևj4߯ߚk{(uD\";\r\'<*\Z StZU=dwUmo0Ϩ]6u`0(0qQɭ Qjٕ26\0U }܂@#W(Tw^c$e\0_y_G}4Z/06J  gWCtEm,d(o~bhYjX:,X>Pp89s׭u۾q_,7Z^#?Z\r}tQyHI\"%\\\n8{ͽGvd1ܪ(\'\'뾋ɍR)d2trG$]M~n[ȒmyگiNF\0ߑq]tކXj+1PbC	!92\r$y4nАgO>kϧYmegu{_wwԚD:-!l8\0s֞H5m[{?Rhk5?eK[zW#r}ΏiG#c\061]cYn\'kWα1>6ztU#}I4+*V~Z~6U$H$#=t}O6nr%=}1ֻMust	\0wm4$A¤`(#sos˩{鐄B3М6<Hī\'f!HƵ8FRY/نxHܮNJp$chsT|<;F˥\Zd\"*[H\\RA;vRCbsp?!ҥH~>ԌO3Ҟ?(Q*SM5Q35V.r3JT`jSy3Y%h3,J95^;m5@[3槸b#VKv퍼쳝wx[/Wg=ɮz)g~5&߲R6E|i+1>Գi2mT(ȟ;N\0V%71#Hr=	E\"\0 w7fL^-x-u;1A2)HP~a{TLTȏ>sREg$ rAC~DN(p-4IEM.kx4Ԟ6B+\0]BM}q:rXc(5K p1QXytR,b]Ǔ׾JᬵYǇ4=DF!Hv8S\"fv-c\0p5yɞ	}*-9T:zq+Ɨ-moY=OҍC-qmTn8$c?OJlgx4I~S~sVWc8)#cPs\0SKI*g̋$}?5a&SrOjr=0lO\\Z%s\ZvHlJ<a\0 nrsHJq$\0ى\'5@.*Fb+\\=}My[w|C,Q\n|OR[KY7mqq\'{w_ծQNG4$2\\HEy[HrI~	df51s~Uzv1B6yտ⪮.	Yjqaʲw9[\'sv*](s.~oeB+FE%OsПGJXިv(R\\FZWk\"I˺#\0opoY^$K˱fؔ\0R7\r9m[P]PH0i7#wLx	m;Sv^4\"eFRq$ET@5mI8%xV)btfNBA9SVl5	R&i4\\cƱG2dyÅ}v_±jjm~H{-V\0b9.VyMUK1SRir&,+BIʓ[<qA8=2+\"OY)DMn&!9+\01?×VfRoEccidfꨶn72i\\Uy}%xI\\q Ўuk-C.,7Aw\"|DЛy`zVt_\Zaҍd 99p<8O5OP}-琫Col+d^+NKu\"e8;$0{I,ncti<YY\0F>{;-/m51d+LpĐFO,558 eE{x;#@Vg<sab\0jmeHHeH#$+Ѐ3Y*~KKO\"U,Lѵ\rJMRcGY/©rRO\0gd˥{Vrxbwy63jzZ͔8AVb9[ɠʂD%\n+4,9\r=kr\n	%k6v-1fiJLay<ӵ[`aUY~r1WO*9f\0X}=+YEa/G#m݋)8 ua%$߁:n2w}[\0Gi{cl*I\rjpcNYᶒ!Ű\0 :gr!:uYI$,r	s\0]o4hPh(PL?\\9=WsFZ\'vqեvd5VP\Z>19fxKwe6\r6.?3]Y%n&BLbtuu{Uh\0_Sk]U.`vv}p?Rk͚r;r;\nKxфm\'zlL|76.SqzoCݟO?_x[G\n1@HkZh罺y5IUz,a+={(xSjǗQ{\0Ð6\rǰj\nBK4n5?)#5SkQOj-f6rG\0!B\"k1\"G\nV[+ry\0V,!Asor2=*ӚWܥNaqۯCvz;\\4][[ej4I(bvw8\nI-^ɹO,~Ҡ?adU!ꠎ=?[jL)\'Ϣ[<=73!-fAuDZjj(\0y1A׺FtWF9YOpc\Z#vӼ9$<N\0rU)S(K9uhmդ+r\nY\ZΕɺ8R6AE~}4-B\".|3nGY-Is\Zɼq1qLc?*t\0db0~Wi~-<s\0Ʋ;{SkUm\rq\0&\\iھmc:+qYR,)21Zw[\\VOM>ɥcts@Ů%c?\08?_͔>Ix#,<}Iv{֭6ң:kG-5z%$7ݗ+p\"P	uj\"$$l\0Zga*OOtmqK}S1%9<*KբY	P\"Gӏq2.ͣyjxTfRx9Ww*JlBhv+;q7qYrZG,eBBJSWaFF;oÞ\"\0dgmԟOn6ju)j@?09p~{k1)r\\}3^ji:y1Vϵyq2rtGa)]v?3a2O2\rm+;#DcQSo};}*9C$*g\'jgy4dd\"{W,]zn0	=<Kϧ\\ؠvs?L瞕j.4e0kXKIy<STg#ЊI^{Y&3/Z8&ߘ\'\0%~\\xDtg\nKJKvڌ0Oo1As\0F==;kԵ1}jVrVU]\'}#ߵqxq sӦzzօ\'c	^Aeמyhbf\0Mnqb++#f}D}+q	\0ǳQ\\j:!h{ڲoMm!2F\0:-Xddm$ֱrMR6ڋz(`V:d/\0̟ơYhw1Y.$7p>yb*sޓG\ZYp99\'pN_3~\n8NہO\0&g̵:\ZIo<%D\r:}\03Onu7טՅ@ݧ\0dNF;W\riA!^sqZ\Z٦7Z7.ʪ<e$PL=^/{Sl:M&o;4GlI%VUqҤ>&ln	\\u8 ap}}k,l,n7Ji6~PAsk`w> B\"]6ι8ID\ZWMeg2mqg=ktv)\"GBs\0R>$kI,n`bє0Bo@iPOQ\'=:+	nnȸg_As㡬kOOn]B.^V\r\"QOA58ٻ#	ںEj\n~ʗ\"y3%,ktUbI=͒v<m:gڼKӤQ^k-\"Bo|A8縮MwHg-rA#[y5-*IJ;vFhBpjZ¤%2q0<cߵUoK	|Vy3/V<c5fX[kHWI.\0PKc$c<t:twS%52E@N7*\0O/K\0\r\niziWb0AsgjC& 1 wR>E-nYAgsDGƓ\"8{8\0d[]q8jiU:o=T;-NƹBk.RWYYe=e@zR1ոmEVw䃑8iCuiRX>1z+m/k87K%#\Z	HtN[*nBcg첶;YϘsP{eP|FB\'ҴC-#k.gifVl\ZdwF~cA wQBRDg~=?Zwf;ΡF +[M5]\rϞRdsU3+-%:B8¯Okacwm(nSnt72iKrGnCL尷\\I$jlA#\':ƋUF(6WSP\\/9AV`~`[ۛSYJRv6/tMO1ewQPvx1?x1UTƴ4bZ]-\ZnA5wJWnי/4ƻkӠxٽyW[{D&Guk08nsbizHba&\n>$%ɎO\0EpՓrJ0r4Fu7oSzumAvNf`-e.a#ᚖ_=Fhٔ#sRGrZ:<\0GמݠߩE~r/J}sFu}&dUrXiݙna[È\\g+U<+4%.ێs\nj7\'Yٶgj;$K{Ygr/	T }1cx%W3~GeNHm\06{?+oV\ZHEIIN\0뤫=Qu\\eAZ|*)l-lyR1W<[G8qp{3í<;u9VBp29[̶h?\\]L2	dbLq\n{I!̖	e?^)Y+zSh_jZw1펵pTSp_.13=JaPw\0Ć\'4:e7$˞NS^:iӥIKqڿF&\0I8ǹ#3XPQdXh.\"O#{ϯuxvp|K(9v[YpZV <gcnk{;(\'o㻼RĹjaܞ=Op\\AxWCeiz) bHv=aIHl}=x3ښt2ʿ<6ֈ5/4_i+D>bur=ǽx6LcCĒ!Y7U9,c<.2+?ټNz&t6֨Ix1K`Q$\\q#j|5.ڮJ1aXp^85溟5=U:vf]0v\Z:jV1ZewRBvGu9ZqyG9YQKol$dKK\0sӱkFMN[\rspP >f<Ags?.n.O/l4pCTdV}3UA0	EX>\08)FO]]^}y䵱]ہ8rTdP=Nľm[}bLȾG@9\0w<\rVωj6-k+-7˺QBldKokw58mbڥtsJ֗wZѵ}-n\ZE20q#8Hto|BH_q(GH9.]עA`z;zsNk<cC	bCDpU}{-o/x?>-5	fm!E1r}9KHSu {\',l8WN׵&]Ik\"yܧ0#{[~7fCn$\0<nO|ADpJD#;\0CGy\0<G&Gg\\6_@J .QKYv5\n~`W\'<g<^#A#[b ZX731~r	jH[5ݺ7rN8?\\9{?-zv6|%	%\n*o\"Fvݖecdu\0SE<M3O>E0cl>qx#E{W?<9eNɦbq\0OaҦ5fJ9Vw[P3rc]]ȭ\'#q\"-?STRQK,@vCVDKaw5׺8+OMu<pG2ɟj1#AQ+I<lr|ǎnt}PVMȧmO5<7!UTOO?\Z&g\rL-4ߩECzn7|Z18$ȌIO#Ӄ[H o\n)\0Z*[-j\"3X\Z#?Bƪp=\0VXyFb(>a sg5|XHU\';0;T؞t^b->V\"ol)XFKk!tFX?պڵչ24\ZD۞:/SR6-l\n˂n:k{\nri9ܭnp\Z%S6,?2i1W?2P\'\ZگW2Nr\\§:~tvzE:UBOOZ䭌MVj-T!kuvK]j7ӼpڗE%Ì4i[~tvAtu鑴Q4V#x8ϧ}8ag+Ms-gխ޺Ś}U_lROY_A07\" F_pF\"1IKqG\ne\Z|*qqץ]\"1V4[մ0	. DRw<0q[bk彤#ɍ&	ȫ݅\"Vㅜ,k\ZsJ\0̽$\"V\n=0tq\0[鮽Bj:哯ZʟCfkCm,no@$qe_Hot;inlÅh۸ΗQo$+#(}2?\Zj6<2\0BFTU$9[i5t<W^._n^|\0y	۷j)~57dcύw}(J~AQJ=_?3,:J/$ d\Z~\0Qf\0Wl`EduG=ԗ*<\r(Mgq\\ĶcX\ZB3=qԟ~+gvPj2Y(KՔħ#r(#oʛ:V8u.%@灑pjch9-WZoiwqɄ#=?\ni=~NC1m׮Xhv)[\"%8`tJi2RZ]6ߩ,0^4kj:L\"4{nL2G=nnaIHys?JBiMnlWzCCo`_46X/ӃMg4:߆MK͗M?)>c	=:޹_B%+)2B=j?\Z,\0<CNdس$c{9+E\ZCxm)|6RE_~zGS\\ӯ-v\0C_<IcyO:\\$;zj<!8IqPNXHG4I4?i:Y3;\ZJc1G<qk<Ej\ZVIź.#$\\q^\01B[d~[7SA\"R|rvwy-p`,L1\r8TbkHvvČЁzgz5G[;!kt)V<nY߳_iwcЩyJ)0XԢ%Dw*X8c@r-b()\n3ѽNֳ5m3Zi5[y]8:{ {ǻ 98j	Ӽ^qk[KJ0d,l9=\ru\ZǆkVDa5_C\\,@it6BJI`cǨچȇMunkX8s>VmeoUj8GJѥ&Dk`TcI@՝n+ۻostYxOn\'&<\"i+HG kk<WĠLOcZR	FzuҜ\ZޏOn^\nd?\\\ZmjWRMt\\mAt=0:}]}>I0܅Aa	\0	jxk[d2EkdTP6VcNj5%xFy6%W:-ڽ|fg9*yutdb\ZI<cּ^}sZHiPE+guyxV4A\ZD!ME.m+\\- \0)-<;Sӭej]^CÈr8?Nek)\\E*;92_:)SocKQDa~D#t>rU5OX[D3rúV\rΥ.t爁s=ֻ\r/O\n2=I4՚[Yзje-2=8Z1	=jW䥗rGS{ֻ\\LϖP2\Zn>5*ƚIY$@XO8xr偓y9jGwk\Z>C\'ՠdafύRNX?ZV44	d3Đˎ	ǯlhΚ)LK6Xaέ5;%9>bK\\\0ҡaunIԹY<e5S~;ftQxcmz\0Ik3BK<(!}+H]Ç9RBJ=<\08Q;돔ڰФӫ.֦5)˚-*RfRrx :~U.4gw|yOz׃ּѵ\0\\Oj?RX؋i\njK/I%3c2\n{1]1b)JQV8cF({4pxk E{\0jz~n#i.nFA@w0	fcĉ#=\Z\nZH`66O}]\n+ZpqOknvnGMi\0eR:}j>kh\\`#\rrE#]yR]%aI>՗%)PJ;@S\n/(`8߀r8ZzgD`di_3\0O\0;;g꒥d\\Y\0篡?0eN}zy%(zƱi%<WN߹H!\Z-hm*X&Pzv#:eM\08EĚ1x:ew+	z?=cIk#þ?\ZCȖPx׭ϏZzͮи(,C#WE:i#>\0W/#囑\0]ҳ4cf?4cY\0S^ķ՚׊lӪM]_)-f2*:?[jnv7*K\rƚJ2Ѱ$3b7.<l(\n&[HRJ2\\w\\Ba(g<U*IeFSIlR)dz]vÿ(\Zt\"!#~!g^d rj[v|\'7se4|ޤzgz}sLY\'b{sYbB]yWFx;xKO-\\m&}M6g\'$)?Z&]2T\\f\0	k>\nK4SB0X:]uno-6gL#\nR;#>G;]JNN3]~/9:wg=:\Z-x]3*6O}TW	錺Mې	|4r{33xE\")=Jӳ[|&c<砯7}7[X~z}*&0k=}PmlMJKB\"G\"6c-+x+ú+Kkr>c4\rsWA<g5pd^.u!dK<|&S[Rcm;h^|d{T,3\r>Z[fK3`7r{}kڎӑw#1ѷpUb-pb!ǩEJIH4FyN˃<\0knKմ\0&W\\Rwtڽ\"Eƅ@n÷:\r7R{&I\'{1)\Z*=W6@)wv_EK\0$[zwke\\Q#ﴟiQ&UH	>594M-OS뎟)KXӒk4y40\n¼|g>դ/ng F>}+k˙|J+DyX\0*̚Pm帞#ŵ\0ɮ:Q[WՕ5;-Z]5T򑍻Froj,døH^H뎵ϭjzj*Dq$cv~1wqMwHYq ּN2~-vUnty\"3ɻ,}*-g\\1aDH،{VN>{uS˵p8Ͽ5/T,M\"8?\"Z5)}7Oɭ4=E	4vcp*v^>uuN]ps7ˎd}{λ&9a59\0I9y@.Q?<)W#\0*՗]\Z]OyN}>&	e$A9՝KĳiL?`Bx~+ЊM<Z7V.^+6T	)y9$y9*ٿi\n.t:Ρ>Q/mL.@.}@*wjV\0Ct\'7i_*\rRDI9oz`Vu;w-!i\0/*qpk]\\}W\0kK-M+i3Pʂ2L3H]}NaӜP{.3:־{g4(̛7\"S}@jϼKkxEޤ#Gm*)|q`zچ2W̞˥S3n<_3yֿd)cV`7듌sÚO훻MA䳎(oB9.À?AkאMt$LkEϨ;[\r\\j0\"/@IulFA7+nk_jZnxQ1 Uq,zqT\ZŤG%wWa!sz{}MFKVF1d{SS3񏔶	:q\\NK5}nT/UuY-/EA9>4\"b]RE&)6NGk\r/<@po@snMhj4LP%7d26:VM_B?_bO[p\0>0O5\\OM\\e\0\n=}kZ݅Kwe-&3$_n={V-[_*`%%Uqp}}*blKw-kROaF\0klue|PhUcq3*îwg=x񦵧0@/.)ddFNKNd2$s!rO?ֹFU$~Iիا9.Apq#\0F	x |F֧,.l[i%Q\'Q]e5I{Egޥӷ*u{}?ňD.q+z\0I \\2;:%h֨A`U3+3j=`|q{zmmJڽ\r*\0%C ]CzogwM1w~#t8~aWo;\05>̥R8M/E0N8dvK;Fɚ{]\Z	K4,ѳZٻhjsғϘĜ|zci;0ǦRjը*\"\0YrZ)\\X(NwL⚮wWVǵ_#6G|?Z[brASKȦKO]==Gn1jaaʱ;d?^8?5D\0=ɩ_,`AβCEٞ-x^YRK	̸\0\ZnMg@#%#DS}+f߼$\0yW p@+Pc*r8I|Hњ^nVpzG/[+$YA9q(2wg\0Poiw/X2,\0~jvCg<Efm[tm[$MvfOHR=Z\"F5mF@\'5~efDu܆nl#Pds I zr@-\'+O	JKH\"ۿ|vLp?Gҧک{ˢpF,\0o<FJHVnݥF>{xb;s9W\'9\'	lR님$k5-- cϽ\\FR[\\\0久\'WPighRL6X~u#(*=2w\Zg$W<\"BghX(sg3Z>)ӭ mSo?Upۋ=d;iF:>.o*~=*)#\0ұS[T\njFgK`vǷ~G_ڬC%Xr/#$zvq_:KEOZ̼0vcF; yK\\cۥxXm,I]7G%jqDPsK2%m0yv >u.y e$T\'<u^UuYK2L,\\zcQ[Ԯ3wu&ရ?ZwJw\0Ɯj$5i5	LWڙIR͝ko@mV}wf6gpS;}:Ui6wۀ\"G*X%#&3\Z3lrc>\\z\0_#9[^e`@k^j݅8u\nÿb:cKb|xnܗe):g\\$錐\\[v,eJ5q4YI\n[&X@\0֮\r,xIh|Iu۪zd>NRI/&,h`áx	a[EsLnEiF+sw4/`4z\"QZ\r8O&k&9FȻEA$wG˶\"B@=T_NK{kZ<o]G0}2[A-$vw\"ɵ [\Z3c\0tMswoj+salܻXl9?ºxNm`YDt:F(g#{S|YVOs\\ZAX\\\0>ִNQ=,4/vR$D[˻s\\|GsiK0Z,kyp[c3P_i9%Wg<(^xZK-$:rQpQrr=v7(.!AY6mDrkx|ę}}\r@4]bh\rݽŪt\0#g\\Ve}-ʌ\"F2XZ\r3I;{VN,Wh9;yjt\01}W󙶀B|0rk6Tn$by\0JQ\';\n2,|r/rk;L/V!%.~q0uZM)֓R}=i\nwz\\Nbmc4q#ʞA\'SP Ia\":G.\'#v9G6a1<iR%iTHF1Пλ;AkcJB[\Z,\"OZ 7QYP䂧#pc\r}W>١FN0v3+׿6gyn$2BJ[@k.~ˣzg\"<Z=9i{*;eaOsjz&YgfGFpfcUcJ7\\ۖC:f;(\Z\'YlX]/cAE8q|_EbcY$3OڍΝĶ1,:e,#ݲrp}JA[+7To8DeH>i> H\\霷\0@c}\ZMzWxlWwA/\rA-^c5Znj1bBgIJ{F7|N0;n4{-uʁ|}>X.N\0Loe*^AjP&A_kl/#k3P	~6ߟƥk{BHJm6OH-e΅7\0*7F\'U`0ӚƢ̹3|,ߖ5y=%$8,NOHcE	a\'\\_5ʎ\0Ў;N*olJ	9֯lQcGSM	4D/#2)3Ō43,Y6Y$\03=`9\rw[(q\'=?AПcUGdsTN _C򉮠3˄վC\"cK\0.3]Nk4\"YC\Z0ȡwk<d\0gڐ8GsZ[or9oC}[l\ZmČpPcm4j%[x3>JVӴ4|`$l۹v*zJ]_;neYlER] 6^^Y]^ROhbjkeVK}Z@_s#P\0iZo:7 kKn\Z8*(pn\reŖkq;>%JlV(6y9{Nqvd ,c,72峆Ǡ\'wȄZ}wK9eQ\'~w_KGXq%ٖ)	Y03IHY%PFPOS5toQ׵iޤKD=X2Ǹ2,k]\")qq*Xf\\M6\"塈aQ4mgk,\Z\0AU\'6gCG_qķZPڛmŘy{Ӧ{R]]\\})հbx\0Nsw27ER1}^u9OnU!cfJJ*Z%E$_#SQ̵Dӭvx͟FaN6ص.\0\\gh\Z_mmnN;`,㏠x^-,DQ\0oGFڷY|c\Z\r\'ey#	X*{8=\rSAv;uX#<lԾՑT-v&B}A5{EƋLn//PnF*\0:9+}_d\05%\0r)xNٟΆY\0dko,m#h~:j:Tc퍣+*-e;[ˈUya墌Ejx;I/7W:W,5{i{9ePq gZ5+b{k/E٭WoZ\ZZ@xܗ+Wһd\"G6jWgf+puՌzZZ#FPĲ[\'U33SֽB^ŽFrcO$8zZࢰ5jv׎|\0g9ctB|w_mF%5-2H7ڴ4[EnZG-SgtcmG^Laa_aIw^6\nI&R6,\Z徎$?)\nOVllnwԮԲЮOPkĖ%Q\0z\0z{3}xsAR1|ZQ0BMnH#i䚩ijs:Zb,XƠk[\0QƪvgovrՙB7˟<ֶ5Oqhzu!:B3c^_u8>#,bm)rwn+8]Z[r+[+)!Y4WEQ=zuKڱ<S\0y5{BkI~Nɒ:ci8&a$6gʌ\"$ԟΨ\\kܾmטE\0\nhnBqK+<epǌcsҹoЂE\0\n_Gvs;*-$OdVƟ01Lp$W\rkP\\`\"\0X2&ǽ,5?ҔgmOw>$k0ad0\\tz]~;EYG	צ+d+%ҽx+B?((yU\0 (DJI474aEC\n~v#\0z\n/lWm<KU9*-cc\0HUPo\0W\na\0\0|V\0O&P>Cӧ@\"ѱUM\ZUW˃`x\0\0??&QR&wSd.:_-\0?&[=\0\0ԸE)T>\0c]Fs\0:cxM\Ze<|\0{ǿ2\\\0߸\0?oxK\0G${sSӣ23]FvGV#idt	@W?&\\|Gs_?&ὤc.Rc\r/&<!F0XgsvWS=A=Ͽj[.EKniU~tCҡǞ\'!#h>9h`+y\0Ki˚g؋-J7^Dn=GC^u%ͦY^>l0?#X>8-刲p8ɬӫ\nf_tw&-h#۩,SDzH\'`k^yHFcL}{3^v8ns¦ E䓒W*]\'ؘ lcBQd8=XIg̄8rg[Ԍ{\rQR[xWt{{牑JZ#)B=O	kV6{ciW9fIB2b1\\\0Yα. 2R\'\0o\'\0YU[/e9\'ڕf2XT֨gFJЃUuK\"SibD\0k>mwRqk)ri\Z<cc`8ԞAŌ.?R\0Sk۵d(008SRzG\05N	\"cBȇ+z2^\\&4\\zg޻#\r]1k!֯}̡LH^:Z\0DMy}]kiP:[Pq1yAN.Xdx|\nּZ{¬xXB\ZʥЋwz\0մsO-	\"یnGw#H57	\0ڭּw1sߴ2)QMb{xg?W3SM5n*4ݮz7gfIZflKK>Չ\"ĺ\Z}r# [oERHcv!U1IA*nz+Xŧ~Tlj\ZX#B$jC8 r+\r[b0by$\rRt\0j#G*9:cAF:q\'1GKCvR\0$bßhxE\\	GZK?\0\n?/_QSJv\\Kw=>==lUt,gdoBR(n\'i#\ZaIq\n)AIF#Uc',40,1200,15,'A'),(2,'caney al aire libre',NULL,'\0JFIF\0\0\0\0\0\0\0C\0				\r\Z \Z&\"((&\"%$*0=3*-9.$%5H59?ADED)3KPJBO=CDA\0CA,%,AAAAAAAAAAAAAAAAAAAAAAAAAAAAAAAAAAAAAAAAAAAAAAAAAA\0v\"\0\0\0\0\0\0\0\0\0\0\0\0	\n\0\0\0\0}\0!1AQa\"q2#BR$3br	\n\Z%&\'()*456789:CDEFGHIJSTUVWXYZcdefghijstuvwxyz\0\0\0\0\0\0\0\0	\n\0\0\0w\0!1AQaq\"2B	#3Rbr\n$4%\Z&\'()*56789:CDEFGHIJSTUVWXYZcdefghijstuvwxyz\0\0\0?\0(\n(\n(\n(\n(\n(\n(\n(\n(\n(\n(\n(\n(\n(\n(\n(\n(\n(\n(\n(\n(\n(\n(\n(\n(\n(\n(\n(\n(\n(\n(QE\0QE\0QE\0QE\0QE\0QE\0QE\0QE\0QE\0QE\0QE\0QE\0QE\0QE\0QE\0QE\0QE\0QE\0QE\0QE\0QE\0QE\0QE\0QE\0QE\0QE\0QE\0QE\0QE\0QE\0QE\0QE\0QE\0QE\0QE\0QE\0QE\0QE\0QE\0QE\0QE\0QE\0QFiA\0:(	&@E&A vQQ\'ґqњ?/>Gb\ZT1QVϭ(pQ\0,Ti!Y\0߽\\,X\r: P=\r1E5s҅*GF=QE\0QM.@(\0(\0(\0(\0(\0(\0(\0(\0(\0(\0(\0(\0(\0(\0(\0(\0SIȠ	)	B\'\'1JrqْFV2I\'2YG7ğ8.G\\pJY]HEInjyLvO_QKqk)]J(8iW[qnj)^i%11Il>\0dQq(NǨY=OV+;T0\r8C`jc*FyIp/Lc2wU匙U\"OFzsچnaQI\'ԖQu#,Eq^ԅ# eL)O-]DVZM\0j,=HY\0ed_HG8e\0B[āPlQ]3&ׂ*eZ#-i@DoE>ˀ\r*`NEMF1PM\"JCp=:c\r5`)AGDFfdO0)&x7֟@JXg%)2#lSڅ2*О(\'pAR`y_W;qHOqNbFl_LTjh=9De\nL[h\nnf,KAQ18@ZS:☇KLONq\0?<Wӿzu\0R6pqր0(hHE-\0QE\0QE\0QE\0QE\0QE\0Tj\"Cyt5>;)\rf\0m$0MM-لY\0EY>Uka34P:Ti$2n;\Z֚X Tn`_-n=ꄚ6\n-e܄ᑎ	j-&r	JTcVmϐ֭?lJae2*dbe</s\n\"U!AnGF҃RZ[-O~UmCv侊8ؿMAydep9}jdEٗH!G+D%.%R[aOklfPuz.2 \0\rfʨ`@	4\"\\{Sʾq*\05vfx#.iLQ2@N~;ed+92ķHvBq虎(Ld*],KqwP-r?Oz{ z舯\'1U`d=qD6fKTlwRl7vhCc ׺Mtcc\0|\'ڢ1䍝2mT.$pC23ҭ~$@ʫ)(,Ғz݃JŹe1cAګZE\0wp۹;Wi~ɮ\n$r| }*ǟjLhV;Vi9&QWڥ]QW<uumRirye0l1\r݉l\\\0=SlOpLqY?9e\0?0hⲒ\'lV-\njMqGZs.Xd\0{Q-nI[)@@yQEMeTтK6#y\"Au\"<QTDJcwҙg$ncw!y3UzО{[{JROȩʋ=*eo\09b@v{Q&!UYb{)n?\n$\'\\%;y\r<RCgi7n\0qIqU:R6Y	bcWܲKv84ʹYU{Qdci7$\'@pI1ؒe	 rwQNR$A$w=\r:BLBqsLȱ\'9݈J!slPOo\r\Z\0 yNWV0X\0w\0\ZlZʹ|Z`ML53\nT$i0zzE4qJqIOaNƣ8=i¡@NFE\0-pM#|@ȥ$r$`袚n\0(<Ƙ$rз޵5-$Vg$ ~5!qS,*}r/1s].m2nҹ仰U!SӲsvHBi^\\R$KО3TV-,LUgVAe\0ץ: h`vu:WVIj!u̓Jdfb{gYӸ$͟d.d1n؆sQhRMbRbo^qQw% /ҡ(713pEgKYBLfjv,B$ \Zni$]W5Cږ*[\0+V?,p48)N\\M&闓ӉcP\\Ikj	WZpC!=֎V7;X\0\\*H\'#i\ZMt.:y~rse,ɶ:}\'VMpVG1;sU\04;~Ӹalsa׷;cWn8C#		-\'	[;\\fO\"Dc?(֎W]mҹcZzn/J?~>\rլO*<5Rm_OhqG+9&8 1ݥgB[%(8\Ze*έg+	VØx2޲5MF}Fr!(>?*\0]In5=&\n.ecWs\"ޟy5coޓ]Km3lWk<_sk)FxS3?J5->S&z!dɞ{igwo}D@rnwT6v2oqM}oO#񷧔?ƎYn>dokZwN{qUl/lfF1+8jgh؎iS\'`6CaΎ_5L7I4qf9\")o.&^VlI-DļQ*[mB2`ﶛRiOu,U$}i<I{)_\\Y1S3ĈS8V$\r43,#.xSf{mן}sL+ څt\rj̦;Y0oS4֮-|6\\?47q=Gy}Up;KQΙok_M0o(90n%U;+#/Υhd#ѻNG\r#X\0)08e#N)]օ	mt?#\\$Lk)^yIQ\0C̆@qM;3RR4ٶD@ztF582upQ3LFȋg[F--SGA6gH0I8{9<85KY=Iۤ&rwqkuw<08sWj̘z&ouKUp\0\0U##;Xz\Z)#ѭ a	\\m_XӥK<YT$~#,s[fg,I$|QH~So-ת7#,fi%#s^{.r.#Uofj֢D)w*E4r gq1|3Q\rsW2=FEt:&[XcOWCukm,9=WSZkvx&:m͟LW]436nNjm.Qs>ʏ@2*\rץAiW&+2\0<g\\M\"Uc3E8ejʺf@qʊ\0Ygr W\r֊ryO7+ˍJ)0Ԛ֔%Aq#LZ%`l2/o,s\ZܚWF;`ӊHEУgmE+?8Gv⺍7ą-)n w0O.=8\\Yc\rR\Z	Q6@\'&mGߥY OqLr;Q49J8#}M(cQ@HK|89C cr~1Q>48\"\r^g\\YJ=>ɤ>\nW3wriwӶ%mӹp3RL=rz ; sQ&R񁷳Gj7i#Qt0sZ7]HvtA$y\"Y̾u2j[VWR\'\0Ֆ;j)gK!`թg\'ʳỹSA^K\r[p)>&fՉ[NCZc\0I\ZwfZr!=\Z{)笭n!N<Ƹ~.\0hdO)¨(X\nVlN5rTrhzh23R[%azѱ{TeO4Hfdr\0~n8y9MB[$gG2 !95֯i\'kM\\}*\\j9kbF1J4`deXt҇fm*5$fe,r}q4C	+( üPN8Q#\Zw͸|Rr_;T[7\n|(XL?ħ\"	-ĳŏ,r>)9FmY&\0g8?$_fVw^3.%,$KsZJGlQDmwQM	BQ.BuK>di\'T8l\\4csFC$S0\'k`FjsC\r\")e_Tt\"_MZjVz6텫M3ULdYę>.׻F`7pR}kqُEIomܹ]#D1Zx%cJϚ`8~h@}bbn_ĒF!U{xaS\0aMU5D.^EǨйJu[\n)2IK1q\n\rfp.Gcd\\зҴI~}v7Cc~Ǌvd&0xAU9s:h3JɎ]á\"9x3C?Gi᚞1O(⏎L\\˩W1;Vυt׶36	 c1oo=hڶ##颗]ÙbՈ<A4_\Z>6>T#u)+Ŗ\'h#j޹O߽ \nonrg%ǔW\nY*M9]I\n~VT<\\U8o\n\nJl޶|S{lmot0ÂtLE4g]iVx]Iƫ.kNeXD*ac8ݓg񤿷ЛLer T\'i&\rBd}U}R;2:<7{4FD<s~$=TFƉ%u/e9SQm.fgf51s8fըuح&֚-cPBn[HPN>UKT.n?NX[_;X\04nuI-:Uli&>M2Sm~yd/R4*paӣ.$-\0VAl͋hfgj5h$pi\\4kLҏ@6ibi/svxmD]`\0p1~U\\ɷvCs~&cQo0%o£Ii3`Psi\0\0]2(V91i7a|b;kp\n.[xZP\"RH󫉨@⥰DCtLè_RK	}Gg&D6SseEWտi?I@ux)\0sAFuMi\\XP~YϬ]P},ۖcVu(& |cRj6ӡfVtB[ޝHo%RU~Јq\"Y؞ܩL=j\r^j&A,TM;GJ>jI[toZ2hD?~W\"[)VXD(`\'=+L*80K%tY3j*^G߽S->CNqiy%r^>*խ$?jũZm[@zi$/eT1$DO116w˾18$SѢf{?NEVE?1awFixV_\"6v37UXڂĳ*}:qL55qzJm{sl$TR]]Mxpc_\nѨkܬp|6qD> =jX\\HZ2}9V{5n)jwC95XDۥ`ևDO6x>KA^6r1Wfm \'ViuAuk\rɖTM#Tʬy#,m9ՏE\\Vf[c,X{RSLz?{=kUٵ;+nEs@\rZ\ZkmLJ\niH2eK{r=ph}Uc=\'\rUJUDd;GB2\roB(X\nS734|#m6jR+ux8ogmh-OQ00\"t_0D~۰#>?$>3m?r6gWifb>Mehk`GB.JP)g*\0\rF`e?0\"&ѫk^K%ۇqé3UjZr#G&71$$L}[^O5xK;P宼Lq)[7sKR.<顕]߹R3XWq,$m0F~aiC&?ΚR;Eʀ	i@pfiflp)v}344lG(%q[d c{\Z!]т%Ԏh\0}p?M2\02y56a	\r!a3/?MM*<\0#K=dg_ΩH\rԟ\nK[~;LlZǃڪ\\2Zؓl整ɵ\"\\j0@AJ\r&P|玵oBo*X`j)ɶ@wm=3H_U ۶cW6\0`~|m.U:fkX^m\0?kJ+aX\nf\\l\'vj큈V8}@XMK}k;E5<Ky@	@H.iccQ,܊))<Rnzfkm^ad\0p6)QNo)s2k;SL w\n0i-ށv+3X+íYUpϦk6yg\ZPŖJp)זn.TQ)Wؚ>XR)ƠKMDQhI$24+Kq,7w,%ƕ41N*9<?ia;O)&Uo[(PmXJVmۖT}N3S@cn]n9߹jiy+LY[%?fde\0#P\'#HWovYYGpfڤqϓceoiaxvr}*jvDJEM7D~v\0ZMH8eWnnO*RpUG5p7Dl|rI=|0bhm\"\07VR\\B|DcCm+\"pGҮɭK-/!rˏҞ2w#/ߊRDqnJc@hin&j[&0w$Jt\r:p®޳hqݰG> VR\n9a^JUڙslW?4Uv|VϞ~.#?ypsTK-~QZN&h0rMP-\ZO&O\'x6c?Hq\0\n*O	g\'^U9mNߕtQs\\!`ˑںrZ%9kFhXu56\ZٱᚱokH&r,xj>_ߝiilڥ٭ʆ[=g\\G`iOK\0=M!=u~CKksF8IVR3AUH:2-jV6v*o\r+76]{K\\w3hq\r)\"R˓Q?js4:j\n/RzZw(\"l/jHƢ\nVlSY5c9Iakm.湹X;[M6#$`m\'.Jwtfkm(8 bili<UkN\"I#Qrӭ	3TRQ@aKzqKzҰvv^4MqM\0\Zޞ\rLkF&uPx6e/$lKc`dךCwdDէ]˛11P%E/._70@S++zuTALHSRc+>c	ܩ!Ye\0\ZX<!u49%1]*:iY9C~@DNF\0o^mSHX]Ym\0W֞eyr#Z,7K9iO/7	RYk֗6arrKPU1\Zekbz4*ԏ1cawK,73u5c9RIsHp	N+C>Of(?/l㹵g!UhbNm7,\\Mfe\0`]d8͏\'d#\0zl\\{]IV9<b#e6^KlKO+di\0i& t5**tp#8ݐHz_b\0eL<\\Z3=?\Z?\0:Rbԭ=ԇya1ˍ`z}j\'b@6KEhfC-3٫5JZigW1\nf!p;?c$\0[/jǦ2!݊&i\Z%ttQ\ZCa_>l2f\rĸb1Ш8ϥ-\"#sOƇl̧uKtT{BZ?}_y݃Ej-0[I&bITR+WG~57VHS魋ڍz#\">6P>or=oPCؽ7uNjBB8b+pWsjGInX6\0Sn5iD/e\\GZYjaaqaj-w+Ki!fbO4B]\0U\0{Pi9ҠNlqWp\rHZ\'vS3[\rtW+ә`T#c\0t\03]G?2s\0uSĺ+;h plWKL8\053.+KacnУd«([MmJsYZbe\\Ajڪf\'~)Q$zpn}Q\0\0+\0HlsQStHcAdޓh ,GzܖҢa֥M΍4i[Y?>k~}j.+SՏYm4\0훣?ʳHMr\0쟕<jYTR(FEѪ]T̳ݤYVxL3OQ8R4bD\\#yQP?7\\\0\0U:sM\'4TMK\r(G\0CM?P=+<?\0#^֜.[4\ZEJO5$\\\\zRFj:Ґh1JZ(sp1@{RgB}Q\0!?jU5	qE/V&\'xGe1Ҹ/\naXk\0oUo\00k([q5TUcB]~I\n<>u!j\0CSjU8a_F=F4p:5⃖ۊ<Lrbjd܏u:yi\Z/Z\\]=\0GAYHqܴ[finxPh)9IY\\fz9膕ݎ~qEVlv	rBCPy\0癪O@pԃUzT9zyfPyZw(Ԁ|dX?ctM2g?\rIEÔ)0S)2~s*!$T;9IJXBͼc\"-GSZO[\\cRmƪ\'#YC^*lI:`ӽA䞃N4X`c4t4qY`t5YH\"ZߧXOc_8\'!L~gvЧ\0p\0*؆UЮR5\"*<P@j9iIE7\0tC8O\0~@y\0;\0h\0*9n9n=OJŧA#rE&h	-0\Zv(҂rE.(qH)ݨQ\0!*OE?ʣG:J\0i-_wRQY@gbJYدɣ߅aA\0]?oA\nΛ\0~骦@+̖({=hաT $*@PuIU>u}zRo<ScYj)tQ\r֪>1.X~T0Hk,S3Uvp7qU_labnx5Eg\ZlV/Ǫ]\Z\ZM\"1e:.oά좙?k8rZ\0r)n5,9-NXub69!$ۭ\ny5\0~tj$ϽZW85;!s\"韭I7)rzsN\0*y1SxʅȄ\'a1&qCǥ5O-㿽?kq<fG*y-#XV>?\ZuzSf@-ݑigQv~(RHq@,K?I89bEPKQF(A\0CҢV¨l!*NYnG|ZO?p\\qUۍGQ[y#ie(TO\rjVi/²@5]4&-SPYZJd )N\r$[Mi-[?;\Z\rp\0_Sw 朷x&(4?4\0wvf1@\r\nLK@Ê\\i1@{~uj_E?ʢ?0?o5r\'sE74Tu\0Ҹ?Lk:bX3\0b{L?xXnX0?*J?.8FƭVa$$yC\Z2岶·]ɅfV\'=?!zBHz\n`rp>y 33/^sCIh=rsHit&G\\Ugz*(P\"%sthkІ.3+uj%pSW*Tunm0AꖬOM`Ac3r*(sA<L\Zqp?_zT9v`)9ޘ:56y\"\0?\ZU>P	4N*=CSQUb\0rOR>`H6IR;h{\n=(9*?9ր3֚0֞n\0ڞ=*.G<R!0jDǭHU`V<`fG]6{x՗$կsem([\\:\\`qҽf+xأ\nꖷsN˸1Nk\'\\ӧlstihI71uE2?\r鑰>{KFtw|\nlOëq8=ӌ/LY$v8k1s2z9i%μ\"\0=9LGT$	-JYGzqѤP4@sXx\">`\'O3fJ7EGR\\>@cfՈ)(AκiFߥLt8/,i{hb|Lz:\rٺϾaѮ؜܀4JǊSХ_wxEԑI=5Z p~!mܦxhP\Z%,n\0`zV<?o=Π&h;O7ڊ-v@Z3墲O):T\rm?q[K]̙?J2F3P}9ossM5+#U-n{0!RP{b߻\"	8ƍ֜2YZV6\\tg=uO5	B[N@8<!=A$(lZUY1Rls42xpZmmվc@ʶ1H^jЈ\\\00IxjS3\Z$3v\ZXK7!HGuQ]m\0dn\0:13X?^jVd[ù^\'E	0t:Ұķ˺0AKy0\01WfVxnXrTKo:QVJO.33_ʓɹZFj`e.Cg婀ﶮg (mNpYx\\\ZzR<c+9 _ί(UHr\00G֮V\r\nb<zTJFLi-\09nxTuңR]t5\'ځj#Ҥ})Dp2?\Zz>OQ`7m5 XbGJ\0	\0sNbГz]oPEtH8m̪HSh(O]#y&A5]ZynkgJīȾ+)P<Wr%2*i_y4/GR3Ϥ8$D}JʿnmPc,+I;6-Ʋ{y	WZJ5yICJ$MַvW;ZY2:fs鞕u\"rޣWm5BivnErO)1u;ekLנo-?k@#zN2F?<z2\nR3oJa\"p?Jixus/cF;\\8l\\uK3Mq8lU䴍OQME3|VGrpG=W\\+?1y~&R*2{\01]3\Zke8f9QU6\\+g?Ja}9|﹟^iY>XfOVRmNAaɨnSv)e`W\n	3[v/koqc5NڝcXZHnm1D3ҤT*V~j;3DcR/Bjx֌VtcާK\\d6g%MZwSV2 T\n҃4sP9]3Ó_VT\n>x6	8;jU^\nԼIkhZ8} ㎂t:=Ţ@1vej~-13Efq!\0\nԵ[88b\\w1Vv=ɪe9S&>]zSvJA\0Vڽ7`*=(=)<jPKW\')~l_ z\0=gv4ydv4SWZ)@D#Ҝ!kfzQ\0!yCҭmg0+ALˠRF:PRT=(E0#\0SOڔjwsޗo{S)CZYax|tIRL6ɕ2AyI\'*T+ߏKdq[mJB) qWk,1\\.ـ}5{u2:wkRfV#5a_ǽƽwt˻lm:\r:[oܧ#g\Zյs!oCӗ~u=bɐ\rDL-WAw-fZ3zݷܢ2W85/T:RCuTm1ĤzuS$\"xe&/*ZNߺێ?\0GQY>&1.ֵ|3IWc⺪|\0ƬsR}6梹l;2)=꥽UAzlm{y	髑[}\0qӱG+\n}65ϵst(rCf(sڮ p:WMxr(Ksn1@톑uw$pOu\Z-myzZ	$T_EE@&\0VQBeeʹ靝1=I`,z#qH\0Ni\n\0Ґެ₴X.T!zUʹ͠Ұ\\R,yL=(\\e(zʞaܪ 6j^zR\0*}\n\rzs@_gt5pEA=jIQ`*y\0R[)<Sc\0WD>`K`WpS~\"CQڧ#*A\nUdQOL\n~X=}h\nG8CV|\\VM;ɫ\0J6U_ɥ=\rY9Bz@\rOj\\Sz֓ip>xf^\rYR+cޔZ\"&mYq-tRGq]hbpU#5<~kl}:~Usۨآ@:n\'zSCy42VFʷpj21BmM}$6$o-5	\Z09)\0Ho[f\'ڴoWl<WyEr2ya\0}*V>训LA0~aVvsD}FpW^ѥQXǨ5N.L\'\0^,7\r`ʃLf<ؓӥz_=hfiE{j19_hoigO\0zW\Z7AB;Պ˓\\[Ik3P- 6/X-\05MvtPq4XWH4sҗ?;n((Lbbj0jl0)yBN,aImK6@D{ʧm\0Ca0\\R \0G`\n:KjRaHvQ0R{RJ\Z@TR@GO(I\nGU$Q\\({ՀԻs@;8cgM\0W\'b*A<)/L(v=\rQwJ\\fh)H1LC\r8&)p\r\0E8vģiz1F;H1U@8q@2$k\ZѶM}͊4rl}i8Eu$m>	G}CKIdc/Jvgs#eϨg(ce8Z*Z_YqqEcʈNYL{r4<94\Z[^ֻ#\Zjm2JM$+a~ʮ-*u{jѴXMH!zS1?*9W.bC2*zcr-[yB*\0[`+Pq\\ܠ2[nU9.f6_σu6J@u5IV:R»9H5C\rؚr3~Zٓ/ vEd\\rh`TtY\\.!3aQ\0e:(یw-]qhT$5uXO|CwR\0a[!Ԡ9=3g\0e <gvN!Jx#j>P96[}^4}\n\"Ez{TOb[˨[I#}ğ.#\0tz`<6QQln۸늆].v9.cSH+ڰ$NӴ\'hjaT=9,M.aʃEzo5X!IzkVMLO+KpZ;94gN5KSedb\\ó \\\nX!8sw\ZsQ\ZDC:6aynGmwAU\'8`~;r:pn=3OfѿzkvtdUO\"FNz4	f`TW$2\"\\,0ߵ7i`s=j\\/#GJ\"~OEasim2eXJLizi_pxh|;9ӎ?\ZY+|jvkB/$0+tXt9h4<J0o$1~ȥs\n`\'c\n\\ze}jTd۽rf!\"mHS8݃i0[gLl&\n#%GS\\pK032q;\\M:a}Zs+JS˹Xdhu<̛_\0YB!\\\ZB$1ݗg/\ZS7t^P?zHҨnJ-C\02}isfׯ[vePlS!nڲ}+5uڭ\\w~飝`>\"bY=d8lI$뺏h+0jE1IU5 4D\\Ѵ@n\'O)0))\\ٟ[I,>?ԯE/#*\n	˂5(\\x	\08I ރh<?JfW^Oūm1aтH<K+ncf9f`ÑTu>7\nl\'l|ӵ[! FFxmbp@\0F氎3cĸT펼U&F*.*OW5REnM\0GWW#tlu5bW<m#s[`h>cɌ3I6x]	u`GQREa?Xe-lsgW0JEd 4]hڗ#02+4e@ۇZ\'y=A}A9{YT(&&8?.kq2J)I<?(cX$u;\"|Wa2m%]{\ZMIPЭB>/fsi{:rN@Ǳgwd8ȴmN@րr[:e⑺]=±F)psYPX2U9BXtX[u᫙\'\ntkq^t\nA5jWAc:MQm[Yr:`f:-ĳ~QMv*w[ACl\ZKR3ҥ].o-ں1qR+*[m1I?sNrZ!Y\ZdʜJ:sQ48]5h#4˃mllVi[s[1c=\ZuGTq]Yu>fYR,13bOn{G\\ir7&:MiXn?+%%:@u}GluR3K\'HNTG1=ڻi~2 URsVD̷ْBA9?ʬ#|K8߃ֺıVO.Hp{!+48;k?kؗ~kv.x,x?/\'jn?7 +Rզjiː?T\0IͽgxEO1Ve-{?/vb]H8YI) u\'\"R*~o)M^HL⺵-\\K@ZQAy;kfhhsg$nw\"l5 ΰA,d{ֽa8\'Q][y?ZmywDIAT2iZ{k%PKM{K9U*OBk.iuBgLeB8nV	#8$6z+X5y#*\"!1x\'IS`և\Z*VTTݖ\"@՟/$\09<曶(i<іAe\0V~ՙXfUBqRᛔ`n6ƻ+;)c=p)(;S8fD\rӨG;n0Neps;bm*H;i`Q\Zchb}9J5L@$pՖ/n6ˋfs?U|F\0H\nqRӽÒ+]C\Z\r.\'l^ďnz@۞>aS4ˌQfp,f<ќ=k]\"~-*`YA{a3ҭErSF+Z=1Aީg8*H9SzA\01ŏ+7J\\as$L}pC<`7JP8x3	H<Gx#)Fp3:Rs/1mXk9$la#XKuՎAn~*PŖ3îOzKhl00XRFw˶eǁ]~\\ cL>x;\n:Y6˷FI-tyaBDf<As cG}E!@zru/t(Z\r#xqX\rj0dV1wU[Qv\0GmNMniw:,ϥC}Lvq^FG\'\Z2T}!eGZPҩ;䞋OܥL1\0@] (@zY\nc,;p˜uwy	z44{`ZBF\nvg\ZM*W}zuH*{1\ZF798fL-HZ|!NX֫ۆFTT\0j,q\Zt5`,(\'Aڐn9ʁG_ҜHZF#&Oi,dq5YDMal\'V1G1#kI8Rwi$;RszV8ס;@KUڲBPe@X8L$.YGt[\\.{UBz94\"tbKQETH?)#ZFq֧(\0TT#m.b܃j$/V=AZ!)̯sl\rZXc.M\n3Wgq3kNETWbL+q6->+\nTOm9=+&Ƨ\nbf|PZޜ)1\0 ewdu[Yv9@L办n\ZЫme\0b	,-TP. a-إEI6nWϧj2Be\0oT1ʲ-L\rvr9J*@2\0O\\;1H;\0ObhF0EA;G\"R7UDlҌ\ruV\Zۈ*yYڒ6r3ڜdLsMH mb|8Ab+\'p4]_R[H-Fe<cT,q+rz⭭:B\Zw)YRw\'\0֧5V2$y8?SE\rRؽM\"Ap\r%IB*4V,3Qаmʱ5eu9ʹInK6ޡ	OKaY\0?-E6?ZIvSq$A\ZtF <$+0\n#!W-UpG_ƅ{9\\Po\ZH@֭\04a$b?޶fOrUYc]h>QG/vv҉\0p 4ۜA݃_ҡ[&UZFbHۑcQN88\\z_A0bd|\nyt6d`gCCg@r=EC5PeބO3Efm^ART*0S1\"p0G,FBGƷpeRYrn!:1\n\"ģNE&eIExwFTy\nsxKQvezc=h[Y|&W\Zm9}jW4~l\'ZɽU\Z85^խ*pzo%\"H͞7\niY%ǭt%˳4I\"F\\0dRXpJ*p01QC,{W?z,LXմmCn7)\'׭E/X)ZQ@\\&z4p+93MA\nPw\0րUVUc;*+^:T%viٰTnAԚ{Il۵UwÞ>]S.GGSV\\.0jͷ	fkGzlV(l8Tŝ>f#oNSZK+|`)DbHQ9l9J9AWoJm$#6o!eNOКq,mBK_D0*2aC*خw-YX>$/Z03ˁ]T@I*LX\0ʓc>Y\ZuShF<l)Q|!RELv@ذEs漪F=x5Q(\nǯXVX`Zr\nN6iEiȠP]:qޡ[\n:Z`A](\\ȀH\'?w׵Q$6xe*F[F\0QfP[x0߇\npcH`F񂧨l#2qMK60,(Fp}Ӣp٫B_da9+eI=@L$\0Syi:xW\0A1Ҧ[`pJtV^SoY	4A;f+uLwBa ֘$0G$#RаuaP0jB1ОCi\'XTW+T\rVwF_Iڽq;GZ@|H.@3R-:Kӎ\0aKEYa`H8lQw&w\Z͵r]lN=z\n[\0te鳎>cGKq֝VU\\T@v\"+y:sP`|ӚK$QTgyka鞟Jr+#hI&gEh0rGҪz*\"Sylv<fqh*cUș_rC\rhYjgۊ\0#ߵTē)(@Ji6냌inZ\\dYE>f24Vm# \0:0lXぞO7F@ d=6icIIx%kBvI=y֜TKl\"8\0Z_:$0I\'z?m@cf\\=p=i\Zr&+I`gsO*ӿ9X6VE	R+J.&FX\'c8\\\0\"[HEimU#%`1^JzE60O|\nj<*<cf 8q\\d2`9WA9ev8Zd\n̦3r\0֚)+x$Eo1C@ΩyոPMhs~3qn6ń$:қH\Z-Y;+y	8KBkc$d6DfL*KAE4o>[q\"3m9[Z?x\'Mɍ+=đ7\0V4w|}>YIn1J6N8;\Z<B?Qu~4y ~I@#d\n\"ߔ\0#9O QQ/$09֟bn:י/,r( 1<sSg7zpi|ݠ3֟īQH\"e\r=\rU+\"LNI\\\\H82ŸV3ȤpHSҥF%3\"y%An\0\0pk+Y[R(|I?Zg@czri(#*_td$`gަep\0xZZΡ05Q9dnQ(z\0*bŭ9UCn9n(C(\\u(59Pخ&VNߦ)e=[C,[\nU;\0qO`y4)K(W\n ;SG=<.xh%>x>$VWcĹ$={.T73HW֣@0ONuPޤ\"D1|<\nײG-	(<ԅ|3Bmln,.Ҩ*{t!dAV\Zܺ4ap#e;T41 G-J0ɖ`Fsӟ*0<ګ1mGIv;[bT$q֪̲<TrI>R8XG\"bĮ<h4W#pjS)o1J!\n,#j0%ǭd֦|Uk/vN*qF>ci0~rJ%T@sQ(#G#<ߔﱙvۖCtC#mU_ f~Vs2E\r*	\0֢,(v1PHD\r<BI-ڣQjWa\ZC!`dE)8 gW6\0hCDH7ơsE9wzSHF`QW\rݎql\0+gIm \r\0/u\r|$]#mQI|!QZROFm>{̪ISh6X	[Z((û&z`tK%?3\\Z=\\(:$_7car3E-&[;,C#\'¬n-ǔ1QV&q]pqJWPGG=U%-o婕ܱaC[ncqs֊)4{G*0\04Dnr Nю\Z	{g(sP2D /U1#.rm<\\84Q\\orZR8\'NXT;P|O1gIbق9ϽUQn/ޏ\r4&4\\=y]B8C!s87vwDg\0QM.e2{QᕶJ*Q:[-׊j9E	HP֣xbPF}QR2坳,\n0j}(\"\0T#-ja+H):x}(CDsZ(O=VM\\w2o3\"qVHeEq>ra%p碚`6(Ƕ(PsRLPX	RB+;\Z.o\r=QT*Ѳ	uIrafp1E|#4x!%r1Ҋ)	Ii%-4츢*',25,800,15,'A'),(3,'parque infantil',NULL,'\0JFIF\0\0\0\0\0\0\0\0	( \Z\Z%\"2!%*+...383,7(-.+\n\n\n\r\Z4$ &,,/,,4,,,,,,4,,//,,,,/,,,4,,.,,,,,,,,,,,,,,,,,,,,,\0\0\"\0\0\0\0\0\0\0\0\0\0\0\0\0\0\0\0\0A\0\0\0\0!1AQ\"aq2#BRbr3CS$s\0\Z\0\0\0\0\0\0\0\0\0\0\0\0\0\02\0\0\0\0\0\0\0!1AQ2aq\"B#R\0\0\0?\0QR\nPV̴V*y*A*Y\r%SAR\0ldTX1W)e {:ULqTHE\n:[TR%8Z6\r%ajbύͪG2ŌY{G5jlnPbTE&jdSN)jDXʨz\rXunjM0ULmU:$UlE2,oV*O񬺍ZYPMYxKDMIE8JaHuJ-2#JjT4ӢTM:5\"1QMK\nQJ\ZȨ9Ɵ/JT{\rN(\rVUbbIQWeRh&mVv4 -EW{ƑrZ(vZ@b3\n!+MbNZUdRd\0S^n\nj-UR,\Zh6Y4O	ҚKAMRe+O`)Ɋl5.%ػb4%-nFrDf9gl`|(p޴29IRrC\raQհXYYI\'qY1vhH\0@>\'&vsd[(Q7t`k]G;/ڰ\n1=H\"b!ǗrJͤ+U\Z2β}^	jr-e8.73#~bEEwq\\TsN-0hSa⑨c@6Ea1vp\'.Џrl*$\n/jِu.@G޹+/3uI\'ZIf&z#XR]	X}\n\nÏϯ):[-`HO:`)|;YcJI#LO?Ε\'ڦ-i:\nHTx!n6=\'`|q{ߴNROh6EL%iJJ=B\rJi!BD]̝c\'HIB.R#[bX\\Ǵ[ Ry#VgƳIx,ǁ|+Vn-o(ϨZ/կHf!7?E{a[\'d2=A(gSG,\rha$ġA`>\0ptҾOc`Ɩ@xh?epVĩ`ҵ08&bm[Y.dV]nwU+C:A5ӘlbJ\ryX\\:@!TB֬	e#8گ;2޴DDmU\n٘KYr$GR\0`z_ۛbݏv=-\"\'q0Y[V:%PS>޺t9f{Sd{Nýʸ}`X_[UX(LǄ#\ZgJ6Am5{plv`kX̼\Zfc#~UbդUe\02c¶yʙ\0r#R>NTॴU|HY\Z8m\035y[\0jz눋oĂsU =yFx*I\0iy3O\r(BWPl4*EJ4#9WT\"jZ|SQyRYC7&I&I:}ҺF\"gxTg\\d)\0i4$\Z*\07-blYrY d2uRA^DNW+O:\\^_dg@\Z0VoQG*Ѡe:EbG[Zoa]Wm\'9H\"PI>?q޿y-Kn%G>Χp0w\\\n9Iv6x2t]$t$	1SpzLM5{Ov(\ru\Zr$\n,nFu:68VE4`}Σq){*J$aW\"/u.:d+\0I#)j=3NW?_i&7^1xqiI\\M.19cY\"9®t$3̓厀hѻFoSjxpjeᐃ<{]4,OM4\n!9\r~5q\0bnƤ+xϞb$mI]ԳJS^(}ƺ_fq5`#e̛&!d1f4Lj>^+hGPOx«̵Ca!h/>KaKl;[C42(G& ^G<QVm-n?Sy<7\r7ڝ]<+K͏־6b-vlq\\=\nЭ\'Mgf\Z7T:T uU3/iT\"b6Պf{ϋMŸ6UU$79ZC0Kd![w!AetQCLKs5$8,A\'t|(^\'Q,45]*-ϟ]gxb#^d|Wՠ0ao[\'Yc¡eDDe֌RɻtvgWJFiۣCvđԘ\0Uj\"yRKg]|e;Id7Ҹ]mK$.\0`H=T	۞oCaFK4f$LN)P͋HsJ-3fG(\Z\'O]<\"r޼ z {9n1Q;xWIΌK}pJֿa{qpoÙ;&<*GvsO^c\0hv2 I<aYcx	^\0˱	\n+aBݷ	k	2I\"@úr^jxs$_pr\0HH5{>3v\0BāYI-qW]fà%iFǸk{\r}==ې	 H|^5\ZPe؈Ѫ}9~ɀQ*$qE(\0ƙx&<	U#g%҇ufs/9J3W`24i~+Hʇz\09]9:xhkS1+rk(U+\0Ϙ)l\rP5|3{l^V9Wa6R}EaX[	ڭƵ##2g$*1\03HL$1r{WB{`@Yfx;X\Zg\'0_\'MIu1mQRWH:i\\|)Dk3yޭK-[\\\\kw!,wsTW3ƋaiI͚*\\l]=[_±mZSl7K9>lv:%XViVF/3s!$ܝMls4**Fƶ1\nܺU!nX;Nn|fFvd6P5@3mF*W[sqc*tȅ+sf^`O~;1>M	+/Y=ᙘA2@ջ垛\nh,Is`^㋌\0\ZyEMoZbn6q*\'d@Sp{=~ڌUC-*|CH\n?g$kTӏaѲT-By~j|jsw_V<{fk#6]!kYrR|˄oƷoE-g++6H%YX6T&ȹe*O`	ߐxUrPv&\\(>$\Zx;~ ԰)c9fc/)Fl\'uu8htΡG\\rŻk[G[\"\\殺<򨧱w:^v\0{QA\\b[4g}jƊ8٧*iCmF;oQ]lVF]I_3r˨7-/ԧ*ۗJLĀI>\rt4xyUߤ,X9\\NqIndu<Vy#>\rԓ\nփ;\0/LuoZ;[>f65%:dťnF}K>&.r?!U)RW.*C+h# 2Σs[6,\nT}M?L[`&q椄\"̹\ZĜq}-*[@H37c旽\ZZ\0\r{v[SAm%ڴhgbs(;<1pWOeYe0#m3YvGjXRiSK\"A\0σ)D<@BKu9&PU&ݲw(.KIfG7x>sjߙQ;sYImC(`}޺sE_^G*;ob]	kO|UWMƮBY&֡jΪ2ڟ5*67ff*\'mXҹLu}QZ!Zd鸟)؆6܂g4bhZ8WCA7\ZǺmp3v&w0GΩWP]N\rEmOmٜ-#Cx2/k7kqn+f)22\'~{]xEekH&4\r\r5l%MkeAFµzܥ8N\\`*\\@\Z%qhMT,7\\ܽm[aV,cO@uB\'(!sdSp U]f#^qK7ݠF5Xڲ	i9fpacc7q)&cn4\08Vߵbѹ˼s)\\O\nÜMֽs`t}~fEWoW_~L4Ǘ^K7=AA0JٸS1RHOݵvMg%c`	V?\nlqKEuB(RAoks8%k9KGdx\r\0IXr0!0@Pr&6(-[0lހ4HmJYF@\\\Z7;#l\'t,C|>s9v;_G}YYp*A$2n M/G$Y35t,pֵ\0`ir^caqTT`5ex$[$4z˟\nxIT-ՖT1o=O*nK+/;Nʕc/OX!msʺIC[\011zǶ-ii\rlWUI\'M )㍵`sIk3JR\"@1I7ǙvA^hG3iW8`\00|Ee rh$ZGt`X\"+IwqWF0_X5@3^urlL0\0d|I4_Qșfs#(6Tx.D]{m)\0FqQ$$R7be}Po3Aߩ41=$\\¢͛5;{;t#[Xk}\\@hKfl⯭з\0O>\Z}}D)\'_1kn邤ğH7VͪDw*\\#buۺ$UNHy\04G/Ɗ$HMbwL\\c/\r,pl	XrkVfSAߺb#*|Rm8{; 㻕]`S/_>=-\Zfw6Ԁ	u˛M|k1X[U\0Ib4T\Z/(<+q;g)ȨQnBsI>?\n˷|1Yd\0+kxWIynUB%>BqϚs!X\0$b1֯ݶ0duȚh`KG\nM(ܻq{#r`^2s,u/60+x7}J[\ZUؘxZ}B\0&\'0po5ST(	\\HU\0xb#ch[3`d?k\\3)=\0@\'&/3ͯiKʏ\'鈸Zbs?}Ot9_89xW][f	/tm>otkv$$\rkXc<UYr7 F$ZF}r3´eՉTDk#lb;F`5=ح\'vMqA9M t2?>d\'k;k%\0UE?[9/fBQ\"4u8ӓA!-rI{8FǺT>@zwO\0{U_<(mpH2 h6Ӈ.iiШ0vsh+slX*D2+q\'Nڃv{;?p`&VA<<6U\"~_(<o-)p#q[S#pTB\'xu9Dk+cɋCr16Τ{[S3׬ўŻvpdH$vv\Z݇*w[3v\Z$\'߃(\Z;E཮N]l=P\0@@4u\rn6c=ӹӧe\0cB@˴x\nv\"=g{me-l6$?ܒ5ү6N=|\0;\0fJHY e$d\00\ZrG/H\nyjv3:4\'jYE݄zW)A H<rӟNT.?6^$l>\Z\Z}*[3$s$Ӱ2-mz9`oƳpj\\W<lwx;5[!\Z	-r\"f`\nzXɫڇ8m\Z\\pa{,2C6`G£1=zA\n2OF4c\'F6Vj68H\ZRULRRb2\Zv?SC1JZE$V&#\02=98w\'?t\r#YiV)Gz4%oylgB(RH1 kVa֥\n\n{Ɇ(BwL{UK#NoE^\n,\ZsL\rIP<^k[%\"#]kfV dNrt;ƺjwxZز\Z6}\0t*X}R;gGV(m%x6|1DɈ7◜E\'\"ܾ@\0.g;Cfe=Z}:]r oW#e)ۛمcrЍ-צmyQx.,\\ʁ@Fy\Zֳ0\0HVc8Ums0TLy|IFVߩǥ;\"bu:Zj-JA%\'c{QQRE\05{rNgTgvG?PJ&\'x#-\"?wγ0h՛( 1;9\nta\rYR+npDHEtւ]Nو A@kB\\cXlv׻>5e$|c).=[=gq*1VlvlZŢ@;z=++aV(aYum]gU1hZwtZw->[7Yg%#ҩ8R~kSn	8흁6fn/Y-d<hGOQҰq%C:\nX23U]庅^LU\'%ܰþ.\"H1x<e9P#8g|kSZn$Ɍ\'&F³5wSu@a -*-WM4ש%aqWUruLW6;5\0p G]j\\aoT{6RHKf-1cp\0$ᮔr]S2Mُ[_\0C1^ۀHaMWjez9ȉTsQV\n7 k\ZJջdwrZ@ֽJ-=CY\0On:s̓IZ2~C𨋍վ&-*|\rT}Nx]=Oթu6>S[S1Ǘm\\}LA;\'(vy@+YHY[\'\\u3,PvLbT|x8T_WEGuL\ZKݳ^XD\"ܴUYL\nf\0\Z\"R2}:1a.P`#m*͵QU5n>[͘\nיqV}\'_dX_ߝG7lYfw_?gQT_	\0W3`x\0Q+?M0̑x\Z_?Bq=~ WKlA\0h..\rv<\'\"W)49նև;YUs?>O3K\rW9(b=9\"Y*Dm,ʎ̌ŐfIVÕX\\oقHfy;tugn!@!R#*`셏~	D\Zp*.+N7^;ʧ]k\'(X^(N0[V9*X}Vi*l\'q`l`%Kea:Pجd\ng$Cj@CI|	.eQǟƛH=E/^u\rV۱1nVQ\\ot>M~\n~e/9?ImQҮHye:9iΰ?)&6p 5ƐИbsm>5~mGP^(hRt*Mm\\\\Yl!X3ʆGԕTiGk6O\Z5\n\Z~M@twG__\ZڎSP6> \0sw\0۾)μoTnS\0oΛǮԥ_&<)f4j-:A=`kYJ:*\'2qv:Q\\>S.XS$4;M\n]us>kO\rƾx\r{\'Bn.і4;ѼbO[?}lMC-H\'q:|PMH1\'riϥi>BXƇ5ιSGCk\\:4SC1,ŉ:4x:D^^f	d֯P\"?Ц%u0FFP$KDE= àP Itcz5Pd;fmU-,HV۾iY	=vs@*]g1#CLc\nD<◝!SIOZN nnS  ~Owlv[ ~^Uh	ĂFǒrU\0@Q^)]yS>c?unx4_NB\\!1~/%=|>y\0\0t]5\nLF)h);4yG-uY#}\ZrܧL:HbØ<@:)\0\':cәdjv~U\"cn?1$mF/rlڞ`{vkU©gSw ko:I3B,(b>ȡQ=]?GXurf\n]I<jF4 ǔe&>uRPokKݒMHTviVT\':Hi5;otUd7T%d:ɂ<i\\d!hTz\r5@F#o4~ÍGiVrdii/ҥJXE>gJ䏀Q?\Zk[_*\0a47v_Ҡ*\r$j&<({}ƕ*[։fg^Ξ4_>h1iR.dLy0J\0+!J\0J	˿\0T%YdY=FQ4RK򀯜2#X}_\']uIٚ;!K!5*xp>T]]	ԛ7$y*U^^?RrrM*TC',20,600,15,'A'),(4,'asd','asd','\0JFIF\0\0\0\0\0\0\0;CREATOR: gd-jpeg v1.0 (using IJG JPEG v62), quality = 75\n\0C\0		\n\r\Z\Z $.\' \",#(7),01444\'9=82<.342\0C			\r\r2!!22222222222222222222222222222222222222222222222222\0q\"\0\0\0\0\0\0\0\0\0\0\0\0	\n\0\0\0\0}\0!1AQa\"q2#BR$3br	\n\Z%&\'()*456789:CDEFGHIJSTUVWXYZcdefghijstuvwxyz\0\0\0\0\0\0\0\0	\n\0\0\0w\0!1AQaq\"2B	#3Rbr\n$4%\Z&\'()*56789:CDEFGHIJSTUVWXYZcdefghijstuvwxyz\0\0\0?\0:)Fc-6P1ԢRJ\r4R\0P!Y=繦u1ivS GRAFz0(ҊAK(\nh\n8b)\r0KM\Z\0Z\\R4Q@\Zv\0-}ihS(() ARmZ\nĮv6=iRPE \03Fh4\0f\n\\RKIF(ii(-&sҁ&h\nOZp\\P!&\nuJZ(\r&CNPrA5rjz0QVF>\"SıũMPq\\zw32Eqiw,\'1j:=0RfaqQsWJg,\'&hȤLI@%-!4RS\0(1o4(u8S\0>J(M-OM-\nNi\0Ҋ?JA\\ffinҀ[w(Z\0p\0Zm:(3MӺT{֗^$(ĉ)\"3Iǭ-\0(4Rfu\0)!4f4f\0u\0J)(\0--74\0)3I\0vh7>I@i@&(\0ОRL3@IHO&.Inh 4=\0?ue4#SLCwRcޖFM.iP^$lzfEʸ\"K\ZANEZC*wJ3C\\;HLڑ~ќǕEYi\rrvctŇ洢KlQUp>p=hi(&hQI)RiEABSҊ\0v1lҳcQ3sL~H)RG\07;)UP:_@E-X#4H?\".)TT()h\0\nQF(\0( Ӏ6ӂDL^OGl8u ̇58Xa\Zr=c~S~m?\ZB@Dޯkom?JaA&䊽p{ҝ\0qHih3@E&hQLњ\0wGѺ&iҔ\'8R\01KE\0QL@5JQ|U_2lcM\0mU庎#ҲnKnpqZQHg\\~`\Zѻm\0՝SV<t\0S,rOA@V=j@-0\n~1EAE&i\n\0u!4Ɛ\n\0X,)BTM8[͏+\ZP;|tS/lz\'`(\n)_lIb3N@WXz(50%.R`Q@$sIr?\ZKb0 j7\\Z]]G܍TԮdLҋΊ߷^\0u#EV0\Zvj0Hc-LF.]Ҹ_sQ%ӟSV\rQRIվ5(4F>PsV_P2DFN洡bP\0`>8\0 %SDz0ЊbP)PKcHz6.)qL\n\0eC\"lfTSt\"8WqK@K46hс@M5OUJ\n4*C\"mAԀKmnh!iB:@\r<R4m\0Q@h74IB9Jךx`Bzԁ@@S\0(\0:fMpS7\nM&hL>րxÊ\0)h|J8I)\n`>7-4Ɛ\nE+!EH9bXp#3dyPg폭YT\n>P<-\0U؟JQS@i)٥vڝEZ3M4fRR\0z(TfyNZRde?`8iAfXj\0A:T=G4DVjOG`\np\nfjP*}b\"OJ8\nar G?Z\0RVY\Z]J?R(-R-wQO6*{SRػTd_SIOFeu*x3\0b)> e=/|GcH:v}`\n1Xq֬@\ZXޫ@@X_\'pE=o\"=L	F)#BF qGE?)?SbCQ5;)Q.)h\0\04ޜy\0<H	==M\0&\0րJ)@4\0IK@ťRFjsHqL\\\nin˹\n\"D(\0uM(6>d\n\\Q`\"[tSgRX@.SiiP\0̪9 }j	/ar[$?Cy@~d֡SHWۄ&\Z~Y>Sd\Z`: 21Rn\"MnKۨPou\0O}CG46M{q*I:ըe\00ۓUu:?(Gp?Ƥ_4u[<_u9coʜ%Qtg\Z\0p3B?)~-uP_Zw-B)L\\~4{Jߝ/ٟ\\J3ɜtOQp&ĘFy\ZP&I\\T~o0\0:}h,gNܾbZP)G1!O.(/\"?}=OE +Qٍ!=U)mښatQP*\0z%(=)S2@59OaM0\Z0^;ztu4\0g+&RypZHք*Ĝit.˓׭eyW&&O5<qE@i@P\0Li-&@\0qIE\0<zo}o\ZoJ0\n(\0`ZxԠ1Nq\ZZw>f\0̱s\n&G	o#(4q%ڽjd&c 4]Gq֦:AKLQHq@!jijijBZZsM%}h\nZ&vjW w5{ubMG*<;pdb(Pbv#OKk@)Rx~TyC@\\ϧ\n\'/!8\Zt?T>c쫏GI_Gr:O}W\0\\?Jg٤DMG]𧮢U_*AIc@X5:pCYؤm;qzipѻ/\\w$iZMV}ӄQ)*o7`]83dt*^VHb;xGoΘ\Z{\'~\0?CT<^L??\0[(~bN\Zj\n`MHQ4gQ=cT\r	C)E/hJM\0KF)TGK\\4<I.d?T2}ڕYgj:PuPNlM!Gh\r+<TFuE.0@˿*E$O曻҃,$(i*9\')7o4fMט?pB}EHN<\Z.I}M?x\"Lњ}\\р{\n}(4\0O2X.jy;iqO2}B2h}QJڀa߳r4j!CSw1\'FlAgaYɣ9R`3b1@\r#t8b5e.\r?DmHQSAQJ)@\0S}N0E8TAo7Yv&TBoUoʜ&^J)qQ	=E<J	:$_Zpe=RP\0(@	ɥ=M-:\0iB7JpP2?,\n\nC?KK@y)!Hm\0d~5f,_F{0*xt2}~T\00)6\nft0I=)6z, ꆐ#捇o4\rXTC&x§7?\Z\05h\'BmWʀ\"GwٽR}haY)\0lr0pj?:O&A&IM֍?U^[c\'W}\r\0Ld\\p֍UȃI4\n~cJb7TI\Z?f7Z7Z4piy4I揔u9pތLޠp(n)\\,Iujq=M-QhaRҸXqv=:N\0bkjemqM+CnH⧚H,<Q}xJ%5$sJ<kK$	6_I\'?zƭǧ}CyAA=GzͲfOڢ:ΆI+2{]23\nԨִӭ,8KdJõA=]@#>UXZ\"m.TX^<zȮ}#\'fyWQ⺍rQgOc+-#fc&A\\RB\n--1(S0\nE4T*b>UXzQ\0tt8AVǌtQ?\Z6: n9AyJa7e`;f8\\и?)Kc+\Zp4\0rEαA>s\nЂ>tﳯfa(v	\\I\ZSVPFa\0-\rAfiR~T&ĦE\0J]p@p}\0AcctE,dAP74G?(՟3?*zkQ1aE&F׾GP.	iT\\	|?)T=GshnEz]֢j{.-F_dzT~LG|KQt\Z<;H?*.j/.aєmO@Q~\0?CFGX(Qy:ߕ\';		qBGN(D~FMP\0޾6m=h~THM!4XKM0Z4jG5tMP~XZOA7㠣sP)qJ(1KKJ(\0\n-\0\0Ru0SI XD<hκ}0fn\0!Aa`0@k;&D.&#md$k_s,yϭH	\0t>tA{7oP\"QZQa@pToHghDwd\ZAj]?/]RduN-έ(=AS)lջ+Αb:67\0v+7Rlbq?917aN\02`qU58C/\Z7;\Z-h~U:faw<Щ\"Wma,W=Q@M\n`<Ut/*+WH8+H$_eWI((gvx2FxcLOe\Zyb@Op)iqB(+JXpN1ҕisB\"bsEJtqGaaTK\0zՁ)iB{ӗjyPi,0(#\'٣lT92=*cT֧ X[4qȂ1Ub˸\Z&mZ?ɍ7۲W4fQ(AbZdqR}AJv+nSĞzQ΂r}Kh,@|,3u.z~IE>d+\rJ%aБY`6}p?*9<O 6j2EӚS\nCҟ0@u$R6>ߔ`\0RaM5|A:b#ƬaV=L0Hʯ)0/0~.gaō@qNz9ЄVʲi>j|5hB$Eƿ)g\0ǫ&\\,kHzJߝI+V/;7K .tVGڤč9rMbe*1LKYF\\Ӂ+R0-\0R@Z-0֝Iv(\0M]^*j+͠KwaqZӍvEq>⌷`*s\\	?A<H=x{6؆\nzq\'*?!<0v!vᗯ8L;;2	\n.X-\r\0\"N$($񻞕Be6-@G9u2=qҠ{>*;!.Ez]Pne9CUu7Ű<`\"09hD==\rJ1zzUxS|hg3+ n:\ZXaB-L| ϥpWϭsԍ,DP3t4cf7JEӅW-aRyȲ*\"uÐ僑\\rWmGH[S2V\'?4Vb<F$\"a!\0	ּSXe8L	) \'S#z\0iTc\0Rdy˃b㊚?MOi@U>yLq1&dАvX|<\nx9QM	q\Z*\'|ȤȐc0VZ\rC\r\0\ZV)&)|>Eަ\\+$eҔ11Xq@OqqM)dZkCN\'Ҁ3(x04.\0AlvH{pQ+hF8\\֭J9Ϩi&dME}UĘl!皈{T	IɀjvOM48%{\Z9k1SSlcؖƄC0S\08RAN\0RLAK1NQJ(qK)i|iEQrf3.+ӓ̽}1Xd\0WMdKY$bU99\"ļr	ϯJ\nBr3Q`[:KaȀ*;\Zܩ\"FKt+҆\n#=iKԂ5C\nnsH~	 \0wLy\0O8L4 ^32{LAC3T(ݤbp?^)wTJz$_[`GsVNAQ8*|\ZeQT4O$c9Z$EVF/*gOq߁\\/ARVUV	vfnkOUtla޲-%z:OBa0:֌2ǥcI#8![03\nO˯ֻ貿\nؑOFr3gilc*Ŀ_ʊ\"l-+u\0i)Ix)]或*/	QҮ!whTe)%qC5e?3t[R|>-+ʃAҕlA\n8qME`JMɠpA.<E\ZNHW РE9W(H$]8GsIBd\ZVBFjWp`b\'Jzp^=NTڄg\\cJTn*\0H%E3n\ZmĄT.<3L*6f4ATRyG\'iZC$2\r*TG,GzŒn$d唎c<j0JdP}áP(Փ\n%e*m`\"\"~`ɦ}>\nZ\rZo\'!ЏQUd05i\0$}*H:4pA\\\r$c+.ZYyR\n;RH)¨C\nAN\n)ԔQNPҊ)q@KH)qLBQH;ؼZ%>dm\0Óo,*Ii5GSu1Cg<뮛J(Є+wVV@*݊U@\\t;II^n?EҦ+I5σ)>RE<dD}\"5ǆ)Uk)*00\0Z_-@?*-fՃI\n4Lу	\\:C\0)\n&_)2*95Ql|FN3YQuPXUI<Ǽ\'ITY>sČyeqԄ\03P6ڡGlHZE)09>NOWUdm̴OʝH0SbϒJTcp}hbڛ\"T98)VJEGqk#g#UpP\0U6E*vAd\0WKRUL&j0\0[Ct2`XhRzܽ*_J\0x\'$\0oCN]s@QE!~j`]cDf_=2!Yd`ӗSҀ\"~J ^3Rȸ\"F)0Dn1%2Q8ʝ))\"Ú\n&\\[FF*X#T+H$ژU#@3;To\0WvV}^R	(\nn?xEIс|C tTqH+DD4w~Y>O`b*AJ~aG@ 8*}\nwNi-֩7nL1UV=j|ZC|k>k2nZ.I\0HJ\0#`PsXd>Sϵ	kBN҃]͒\nx\nzՈpH<\nb\npK\01J)E()E\0qJ\0)Kh\0R,ڭNp&Xr>7nY#85iԵGSHfuq?z?V4XI4ͦzȿ06k\\}=jC5:8%R8Pc܊Xn\0u\r`M\"ɺ2=qޜDj\rꍳX9 ֛nQc\rf}cl$W\"xdeRW-ǽ%Q0phZ,Z1\0֧6˷m0jKd9:k<niy]I?Ηߢ\0J5 ?%kpC$f!2E6݊O9aZ#*|r*+ƪMlTi҂T\n~*XF\ZVYեmU\"hǽhTiJ+6\"0\"C>&kXlޜ9E=Zl AG5ՈXHeʫz\ZH\0o|T`fGM1>OJ.WL\0f+:ԃw9V)=:evB1\'P/*NigZjO oOazvJ6=]sRH42(H.@W10\n\rҘ1OUSF6GS08f{_\ZsmVV(يdX2/UIXiʹGcI 9S\\p\r\nݍG\'1T}Ghi$Lv椵DU6Ue\0U\"w)\"]yȮ0<R=*^#ChQS bp9uG3_ʟ9yE\'GI\'MB1L1\0)3HUr\0SK`&)Eb\n\\R\n\0RN8\n(N\0Oe\0#M$tYjob$9xbA\Zf]1hVeuԑ\0(VLޠx	L2A+=S6d~OT,qE\0d\0:Ն?\nS) ~n<\'GFG~8(D7@d{S$*zl\0\Z6HjL?Z!슣\\?&>9ϥUT%Ҷ4tb6r+8٤HzTRT2jL\rK:!Ph\09+1CE:b蟝ҧppri*\ZIy\n&8(?1\nrcsUKa\nN)S9+ XP1PmYZ+;0jtSǚ}h\r\0A\0ߚ}\0PS$GA|dv1Ҁxzq,6~ː7?.E*4!)TȨE !BCȧҬJ1=ȩSA!\\b*F\\4{\0>Z3ڔi`9\ZbV$`24=u<T.O#ޥS_{T0BcS7ӸMc11P{S{яݯҗ\0_)1RbHhbLPqMqRb!I\0n)iإ4\0R\0JQK^LR\nZ\0-M/AEg\0IZr˨LDmqU[!y1<U8![S>\rZad4{źq=W5]I2\'PW/pod۹Rj3ajT6cЌk\\*{TrG\0z&3`<r|ִ4QMjT+85le?QL6kq\05k͹\0[EhPXs5g0H!P*1psVmT`沋iI&|TRXPL>ҷ*	j%!MZTu1d3	ZV?i6I)NW8.p3H8>p4Ȯ9DyRBOM}*P{\0\Zh \Zl\"\\ӵ69pE(zdm9b1eq5Vb$SRaF*)6P8\rAv)}DLRM8(JBy\0}j9lԡOJ\n8qJ	6f5|vS0jsR®)?*ӷ|PmqN{	`<1S\nF?/7֢88>\0z#qQ~e8ӎyjyCR9D܌^RvN\0鶢.j@lN5\ZJ\0J(%\0-1֠Q\\Q@()qK/\0R\\QKL\0R)q%\0dʒU+A֯j+hKs>*!DV5d=)臮8\0<zNk;jn.N3۟I_\npzի<G\'Lz+M4qJPrfPHF	+KM Gr:R$EHݲ+OAY/s\r8Rw	\\V|@f\0_]Ņ^ϓYL|ҴT1Xep9V2k[{0\09\0>L*c=jcWrJf4#LõM8\0M+;^K\r̒KBTF.\nCL\n!SEIޡ&h}T+F\Zț&uDpԌIN*3RV&5\0xT\nЩ]=ɗ	jyn3V]ŀS1EJ~d5b8NT[8Eb!K`d#*3K?1\nt%4)r3\">(L֒܍-R1qP0.B\0R)ɧF0X-\"Eҷ\\R1mվ@T	4?tJ8f}*Ay!FEGܞdAs?qGzh<B~|Q\'bE49!71%B)	cRX~*M?gTwCPRIJkb4\0I(4zP8))њJQ@QE\0:J(f\n)N>ֆ>r?UBG=@0x\0A563r1u\0m?Z\"]1oS5c~])Bd֘B\nZڝaĞӏVm6KF7֪_e>5[VfGSjr:=ejIZ8㧭[XnWzN.DΩnCاlRD1v Rcvb6tB2ȺtʫOc\\IZ~*@9aR[0d_Γk`>Õ^Pr~{t^Dd2cqbbD:d\Z_ML*}UR4A\Z|_zݩ}CesZ:xʚ\'ӏQZDE~(@Tʸj@xt0>qJFqZCa!_8T1xjd\"\'\ZJA\nC +6}y	tYfG5dr$XLPvUВgޕ\0+Ls8QZu48P})#6S)2\nTL*E\0*M?T!RJwOJk⡐[W{SA!z2BUpc\02^Z8\\TR>SDsJ\rB?j\rG49#4MG#`)r>#c+\0Tj	@\"Z}\0JǱ<S_j~س-8\r4i)\0QIK@/jLC\Zi3AKEñE SNN\\,\np\"qI;wmp.cN8dW#p/~eiC2!/w)8\r&޹~ԝ\007X\01Sb`\0MBL+k:mODPz;HŸ85akRMgMH\"J?][i%&\Z%37I\nH>~Z̎TY\020`ߨɚ-HڡS\Zs;	3遊am4`H+h\\Y·>dх2qQ6r#\0#vS=lg\\:ג:EqSᛙpdp	>%ӭ$Ő )Rx7DCi_\rop\0\nOKh-ʐU/<LݝM7]̥Sྕ]@j*ԟxj+1X\Z|cX\r8rj{O`W)E\'UyjsS)OA3^yJ.FED~\0j(>JF@s\"HÃW<&$*sQ\0zz:\Z@M 9GNF\r64ܓޚ\"V$G4g{SK0Ju	T)4jr\\~tIq/29!JUy=nsN?n?wޫ0YEzL#*EWd2Ary-+uV!J8\'֡YLjqcUOZWԹk<I!$n4!y20F0T՛ΆYGCPxT{S\ntI*CP2g\rc(	CQc\"M85hL\0TJST#`o<P]δ.=i*$?4Ҹ<yTF(oAT}1ʪ~4qHhL(u#x1zpft|\ZuQYdO;pu\n觭תKWKit=\\RFq\npt=PZ\\\Zh\n`.j\0b(\0{=(&ZO?ֽc_e}5RHO5JsZ`5kny:U:֯SAE8+0WX]4>/+Kyfe2^,^=toZS;gkE7%5-+m,bAARjVk{T} p38Q\rF{mO\\`ֺ8n\"<.<ƫ	13Q,p&T<MMw(M25SUyk@VMcNisKPv!ϛEWÕx\'ܪGo1|vm#M\n.zq6mF֐HOGNUivK(|Pɾ@)wN|Q(@K7i۟nU\0,ߝ*$dt @$ \0)w\0f>bH+\0SD&C/~TAT^a\'cjsm@\\2i	G_Ν|4г)9HM!b\'2R9:mh㞵\Zj_MqQX0<)LKQ`+y?SL3U(6/0goʘOHޮRD?B%jJtITI\n)|=GV~QNT\"\0(O[)v\n@Svo΁\0?]=)v/\0R:0W-.Eg}ACI;+GˤNr&Fco¯t_+\"UUN{yc҃)\naCRHot\Z,\0߲#\n<I3X.;e]3%{)ez\Z,+=a;ƢJ.=vQdԁqR	`\Zv	$[qL ZTR2؋SBe)w{p+Np	l:V!Wau8\"p5=Q`[kqOE{(c`cзG,li\rZ->_:\"siIb}j \'}w#^[&[/ oaELw,kQ*_̃\ri\0 ?@sE\\ӌ-pZ6,vi1\0IN3WsI7֫Lhk%j#o\nkT))ɏ5j\\|7+}iޗ<0_QA$QL=h-6!\r\\ \\1N9G08Fj\\\rp)\0J<ʣ@(\n`Bn| YIRJj\0@@?!J\"l4\\dƁS\0!6?8C>m^\05b@~(y@\\@&3M#Lr*AS(<Έ7.CȤ#~E	?A@\0{Tq9)@ZW#hf=#Q5MU[:.`>MNd?z\0\nQd1̎\ZCƣQ>FC}\0?ՃNFn`\0TFщ\n-QkRtP?\n\0ש,W.\r~\"N~qN%*1>#5mGKl/O]F?VxzqkQ`#KSuϧ@_[Le9@њoX}sHo.\0Y~X.kfbj#Sn_i8P$8dSԀR杂FnM.h\\]m4q6RlZ,+y#9A*ehE\Z4)n&b=gDlc\ZйG;40w4dqS[C:L?ZGRD񫃐([-0Ns0%eOUrY ֲ-bZKrV`+늖{JȄtQߥGRޅk8$}yhUWZ|h?@`o9ێ\r_RI)T*8Q* ʡ72܇kQR[dxJQ)	R82\'5CpsizGމ,U6KL0\"uaR%Ϗ+6Hmҧ1?:HΎPS*E.Pj;M/aM)\nxьԊ)`jv(ɩLCݡE8E0ڔ\nAN(@\"v0(A8\0f2iA\\iBӈU#~T5VKlJPsN4s[ެ>eVLVAϦCJq#O}je]riwQQFEISM\\gB])QpaWaԡre0-1KH$G5\'1K\nv:R0G)R2)\nԘ\0FG);GQV\\<4lLUo\n?v\0)\0ozёX+2~?y;R0H\0wu^b)RP\"j\nv\n\r]2I?_Tc9?FZ`c}u Hk_Ɔ7ѩAI5X[_¬%~<R6n^>}&3ך\0с\ZxΜ ?)<B`lZq}bM_~/}Zv*sFw/V2;r$PPrm.I:\0J5/rmIQHO`3V^n׍>\0Y+БVF.\0Ƙ$ʣec5,G}LmX?ZbC&G9ΥedgT~A*6Ў<͟a4\rȫ~Pz9jRZ}ii)a=)ҁL(Pm\",?v*)@}\r7)٘U\n@C_Z(#ib2)Cq|4R/Jh\0JSE:@ҁKHQ)\'JC(ZV)Wbb\0ҝH)ǥ\0\0QځK@\n)R\0Z(\0TomAZ* 3ҁj|q+J1wI>Ve>r=Jhb{֣A)%8Si$d56ɡ!>meApG	m!w}jR>{ոxE+Qq!GsrE?IiS;)/+Җ)PE3EP )RRhQL#֐ȋՀ\0}]ﭓ\ZkeX\0h`Z\0z%9yց3@e~0hە+	miBf;g&Dex[³E\'i?^kS]Wj{XSo­G4-fj}t\'ԗr]|\rGE/(٫zTQFY{UAAW\"\"?KbEIԭen\0\Zr}j<}ޝ{$%?\nys!楄2j}	nhLi4ơ44 ii6jHME.,eUaWgtsv>|tu[hpkZJ\\H.41GӅRNQ֘\n(ZP)\0cҞ@M=E8PiO\'L^<PRwjQҒڀRw7֜(@;\'jPjp<v\0yZk%QXFyFL91>}gMk<$\Z\0r85fFnMM\0>g͢\Z,;Zڞ%u[d<VSlzqt0#RW)oy4C䐏nz=fAAU\\FEelTb=[Woikmx\0?[\\o~\\4\\od\0>og\0z\Zx:QN)sXi^?X$:\n,/>lws}@OiSCA\'*i63}M;-uTfNGVY[\'HWTUQd-Nx%u*iwnrˏ(tg)}*uѢzF5KL,S]2U-\0*#\0^O.doJ:Ԭ~ZhLrۧsiy)CE/\03CqHe\06,ո}}uLHp#$-5$\'-1o\0JL\0jc#BS֩cjA&<Ц\\\rFixIƓ51.xp<4&SDyDMLGzSpTfiWq؝6Ï֮Q0e8\"l9QMpRiEX\0RQڤL\0N(\0J;0zSҚ)Pp@u4Ph@\0iå\'j$qM\0)0sL;6zR\0K1@	F)Q@c=}z0iƛDe\Z& Gxp(M*5<z7+l\n1@/ߍXM::D[b\'ݍGTR\0P\\QE\0Q@-%-1Fi)h\0-%-\0+ʊLEb3J)h1Iy}(#QMsJ8;1NT;RҊRIpޗ?7N\'d1nls*)╇qR7XЄGi4L4)@N`>dRUs\\8<PdQY]8&n	<R$p(C:{+=ulW) u8\"+Kq#QLc)QK@SR\nSցRR\0)Kހ)Ɛ\n^P)hPJ:ъ\0@	SZ1I`?4Ҁh\0J\'z\\PKE\0RSRP\0(\n\\QE0RQ@Fh(-fESh\nZJ(ii(Tb?v@oQ`qҔi8H[(T`ӳ@SAL4zc\np4Җ!jm!4nsHh@*Pe@)>5*0b6 A˟©\"Y}E\0xtUse XR@O\" *;uWɓ:2B\"h\\`|{7o(d~}=jM*Z\0o#2{JָK:;JC,-!8P(\0S6(ip4M\0)E%(4\0t4P\0wcQNқK@hS\0\n(IޖP\0(Z(P)h1F(\'Z`)h\0Z@b)QE-\0P P(GZv*!BeJ)0Q\ZFFi6\nai67\"@ )S=)$!H>hSdD/oN]Z˅꦳lfKy˂}5WlHX߹M$P5ev.<hPAN¹#HO*K/!©?AWa%ozYj1\0شؓ%hE\"P\ni̿\"OElE>blqΣ?TdA޹d\ZVA7i-Rփ@bY=בKU)[%K\"Sl@Ô?yk;D9OJ)8Su\\th\0)ؠ/z;P()1h0RsJ(ii(Ƞ4(\0QEAKF)@\06\Z]ihm\n1KE\0%-PEb\nZJZ-PիV䊫V\0GuQ#q[IG3nPuC.SCe\"<Rd퓅%ϰrk7p^^1:^mJngS$r@ArI.+*ܞ&&sDܻ\"lPc(\Z<\ZL\0­!3-eQ*&R;	Ε8W\'P$e\n+)*]\"݌gR`\n0#*zt\0WC@\njx<J4 *UQRL^h`\nm8W)8Sef\0/mZbqZ/?t5KFX`C^C;4 *ޝ|rdrTM(ùpj`kQZꠞ9{Ѐp^\n\r-QaNQEZZAE0J\r%-\0-()q@\r&;o4S҅4OJP1J?-:iQ@PEPF)i4\0Rъ\0JZ(\n1LiQY˫u>+/XSx!&osP_mA2hY`;yo >:[ۙyL9WGU.lϰ$:Wryoi2캕܌ҞT\',I>`DCL\0\ZtV~DcUt[H.sNĶZ7\"bCo~+;xC>z\nO´DqsZ*`xqXm۪AcW|ҡ#MYZiӶ.QOP23mU+D`\Z^b(NL*>L8\Zb$N\Zn U%rX*\0$|·Zp4Q\\GHN\0QY\Zʹ~X6p}袅=\"1IE\0z(U\\,cs3EE8QERFhFOPOQLR(BҊ(1ԠqEQOZ((E\0(KEEP-QHQE1)h\nJ(A֊(5T(ƌkrHB-Ysk7QHrУ$r3}Nj2h@<QE0\n(MOAEikqnok չ[>P\0Ҋ)xbdb	q1EH	P^QT&)LƊ)0+\Za袤\0sO(&MZЄ\0h$Hh2?',70,0,15,'A');
/*!40000 ALTER TABLE `areas_comunes` ENABLE KEYS */;
UNLOCK TABLES;

--
-- Table structure for table `asambleas_de_juntas_de_condominios`
--

DROP TABLE IF EXISTS `asambleas_de_juntas_de_condominios`;
/*!40101 SET @saved_cs_client     = @@character_set_client */;
/*!40101 SET character_set_client = utf8 */;
CREATE TABLE `asambleas_de_juntas_de_condominios` (
  `id` int(10) NOT NULL AUTO_INCREMENT,
  `fecha` date NOT NULL,
  `hora` time DEFAULT NULL,
  `lugar` varchar(60) DEFAULT NULL,
  `puntos_tratar` varchar(60) NOT NULL,
  `acuerdos` varchar(255) NOT NULL,
  `archivo_adjunto` longblob,
  `status` char(1) NOT NULL,
  PRIMARY KEY (`id`)
) ENGINE=InnoDB DEFAULT CHARSET=latin1;
/*!40101 SET character_set_client = @saved_cs_client */;

--
-- Dumping data for table `asambleas_de_juntas_de_condominios`
--

LOCK TABLES `asambleas_de_juntas_de_condominios` WRITE;
/*!40000 ALTER TABLE `asambleas_de_juntas_de_condominios` DISABLE KEYS */;
/*!40000 ALTER TABLE `asambleas_de_juntas_de_condominios` ENABLE KEYS */;
UNLOCK TABLES;

--
-- Table structure for table `caraceristicas_tipos_inmuebles`
--

DROP TABLE IF EXISTS `caraceristicas_tipos_inmuebles`;
/*!40101 SET @saved_cs_client     = @@character_set_client */;
/*!40101 SET character_set_client = utf8 */;
CREATE TABLE `caraceristicas_tipos_inmuebles` (
  `id` int(10) NOT NULL AUTO_INCREMENT,
  `condominio_id` int(11) DEFAULT NULL,
  `nombre` varchar(60) NOT NULL,
  `descripcion` varchar(255) DEFAULT NULL,
  `status` char(1) NOT NULL,
  PRIMARY KEY (`id`),
  KEY `fk_relationship_50` (`condominio_id`),
  CONSTRAINT `fk_relationship_50` FOREIGN KEY (`condominio_id`) REFERENCES `condominios` (`id`)
) ENGINE=InnoDB DEFAULT CHARSET=latin1;
/*!40101 SET character_set_client = @saved_cs_client */;

--
-- Dumping data for table `caraceristicas_tipos_inmuebles`
--

LOCK TABLES `caraceristicas_tipos_inmuebles` WRITE;
/*!40000 ALTER TABLE `caraceristicas_tipos_inmuebles` DISABLE KEYS */;
/*!40000 ALTER TABLE `caraceristicas_tipos_inmuebles` ENABLE KEYS */;
UNLOCK TABLES;

--
-- Table structure for table `caracteristicas_por_tipos_inmuebles`
--

DROP TABLE IF EXISTS `caracteristicas_por_tipos_inmuebles`;
/*!40101 SET @saved_cs_client     = @@character_set_client */;
/*!40101 SET character_set_client = utf8 */;
CREATE TABLE `caracteristicas_por_tipos_inmuebles` (
  `car_id` int(11) NOT NULL,
  `tipo_inmueble_id` int(11) NOT NULL,
  `status` char(1) NOT NULL,
  PRIMARY KEY (`car_id`,`tipo_inmueble_id`),
  KEY `fk_relationship_5` (`tipo_inmueble_id`),
  CONSTRAINT `fk_relationship_4` FOREIGN KEY (`car_id`) REFERENCES `caraceristicas_tipos_inmuebles` (`id`),
  CONSTRAINT `fk_relationship_5` FOREIGN KEY (`tipo_inmueble_id`) REFERENCES `tipos_inmuebles` (`id`)
) ENGINE=InnoDB DEFAULT CHARSET=latin1;
/*!40101 SET character_set_client = @saved_cs_client */;

--
-- Dumping data for table `caracteristicas_por_tipos_inmuebles`
--

LOCK TABLES `caracteristicas_por_tipos_inmuebles` WRITE;
/*!40000 ALTER TABLE `caracteristicas_por_tipos_inmuebles` DISABLE KEYS */;
/*!40000 ALTER TABLE `caracteristicas_por_tipos_inmuebles` ENABLE KEYS */;
UNLOCK TABLES;

--
-- Table structure for table `cargos_juntas_condominios`
--

DROP TABLE IF EXISTS `cargos_juntas_condominios`;
/*!40101 SET @saved_cs_client     = @@character_set_client */;
/*!40101 SET character_set_client = utf8 */;
CREATE TABLE `cargos_juntas_condominios` (
  `id` int(8) NOT NULL AUTO_INCREMENT,
  `nombre` varchar(30) NOT NULL,
  `descripcion` varchar(255) DEFAULT NULL,
  `status` char(1) NOT NULL,
  PRIMARY KEY (`id`)
) ENGINE=InnoDB DEFAULT CHARSET=latin1;
/*!40101 SET character_set_client = @saved_cs_client */;

--
-- Dumping data for table `cargos_juntas_condominios`
--

LOCK TABLES `cargos_juntas_condominios` WRITE;
/*!40000 ALTER TABLE `cargos_juntas_condominios` DISABLE KEYS */;
/*!40000 ALTER TABLE `cargos_juntas_condominios` ENABLE KEYS */;
UNLOCK TABLES;

--
-- Table structure for table `cargos_por_juntas_de_condominios`
--

DROP TABLE IF EXISTS `cargos_por_juntas_de_condominios`;
/*!40101 SET @saved_cs_client     = @@character_set_client */;
/*!40101 SET character_set_client = utf8 */;
CREATE TABLE `cargos_por_juntas_de_condominios` (
  `junta_condominio_id` int(11) NOT NULL,
  `cargo_junta_condominio_id` int(11) NOT NULL,
  `usuario_id` int(11) NOT NULL,
  `propietario_id` int(11) NOT NULL,
  `status` char(1) NOT NULL,
  PRIMARY KEY (`junta_condominio_id`,`cargo_junta_condominio_id`),
  KEY `fk_relationship_77` (`cargo_junta_condominio_id`),
  KEY `fk_relationship_89` (`propietario_id`),
  KEY `fk_relationship_90` (`usuario_id`),
  CONSTRAINT `fk_relationship_77` FOREIGN KEY (`cargo_junta_condominio_id`) REFERENCES `cargos_juntas_condominios` (`id`),
  CONSTRAINT `fk_relationship_78` FOREIGN KEY (`junta_condominio_id`) REFERENCES `juntas_de_condominios` (`id`),
  CONSTRAINT `fk_relationship_89` FOREIGN KEY (`propietario_id`) REFERENCES `propietarios` (`id`),
  CONSTRAINT `fk_relationship_90` FOREIGN KEY (`usuario_id`) REFERENCES `usuarios` (`id`)
) ENGINE=InnoDB DEFAULT CHARSET=latin1;
/*!40101 SET character_set_client = @saved_cs_client */;

--
-- Dumping data for table `cargos_por_juntas_de_condominios`
--

LOCK TABLES `cargos_por_juntas_de_condominios` WRITE;
/*!40000 ALTER TABLE `cargos_por_juntas_de_condominios` DISABLE KEYS */;
/*!40000 ALTER TABLE `cargos_por_juntas_de_condominios` ENABLE KEYS */;
UNLOCK TABLES;

--
-- Table structure for table `carteleras`
--

DROP TABLE IF EXISTS `carteleras`;
/*!40101 SET @saved_cs_client     = @@character_set_client */;
/*!40101 SET character_set_client = utf8 */;
CREATE TABLE `carteleras` (
  `id` int(10) NOT NULL AUTO_INCREMENT,
  `tipo_publicaciones_id` int(11) DEFAULT NULL,
  `usuario_id` int(11) DEFAULT NULL,
  `titulo` varchar(255) DEFAULT NULL,
  `descripcion` varchar(255) NOT NULL,
  `fecha` date NOT NULL,
  `hora` time DEFAULT NULL,
  `archivo_adjunto` longblob NOT NULL,
  `status` char(1) DEFAULT NULL,
  PRIMARY KEY (`id`),
  KEY `fk_relationship_62` (`tipo_publicaciones_id`),
  KEY `fk_relationship_63` (`usuario_id`),
  CONSTRAINT `fk_relationship_62` FOREIGN KEY (`tipo_publicaciones_id`) REFERENCES `tipos_publicaciones` (`id`),
  CONSTRAINT `fk_relationship_63` FOREIGN KEY (`usuario_id`) REFERENCES `usuarios` (`id`)
) ENGINE=InnoDB AUTO_INCREMENT=3 DEFAULT CHARSET=latin1;
/*!40101 SET character_set_client = @saved_cs_client */;

--
-- Dumping data for table `carteleras`
--

LOCK TABLES `carteleras` WRITE;
/*!40000 ALTER TABLE `carteleras` DISABLE KEYS */;
INSERT INTO `carteleras` VALUES (1,1,1,'Bienvenido','No se qué paso el día de la bienvenida','2014-02-08','15:00:15','\0JFIF\0\0\0\0\0\0\0\0	( \Z\Z%\"2!%*+...383,7(-.+\n\n\n\r\Z4$ &,,/,,4,,,,,,4,,//,,,,/,,,4,,.,,,,,,,,,,,,,,,,,,,,,\0\0\"\0\0\0\0\0\0\0\0\0\0\0\0\0\0\0\0\0A\0\0\0\0!1AQ\"aq2#BRbr3CS$s\0\Z\0\0\0\0\0\0\0\0\0\0\0\0\0\02\0\0\0\0\0\0\0!1AQ2aq\"B#R\0\0\0?\0QR\nPV̴V*y*A*Y\r%SAR\0ldTX1W)e {:ULqTHE\n:[TR%8Z6\r%ajbύͪG2ŌY{G5jlnPbTE&jdSN)jDXʨz\rXunjM0ULmU:$UlE2,oV*O񬺍ZYPMYxKDMIE8JaHuJ-2#JjT4ӢTM:5\"1QMK\nQJ\ZȨ9Ɵ/JT{\rN(\rVUbbIQWeRh&mVv4 -EW{ƑrZ(vZ@b3\n!+MbNZUdRd\0S^n\nj-UR,\Zh6Y4O	ҚKAMRe+O`)Ɋl5.%ػb4%-nFrDf9gl`|(p޴29IRrC\raQհXYYI\'qY1vhH\0@>\'&vsd[(Q7t`k]G;/ڰ\n1=H\"b!ǗrJͤ+U\Z2β}^	jr-e8.73#~bEEwq\\TsN-0hSa⑨c@6Ea1vp\'.Џrl*$\n/jِu.@G޹+/3uI\'ZIf&z#XR]	X}\n\nÏϯ):[-`HO:`)|;YcJI#LO?Ε\'ڦ-i:\nHTx!n6=\'`|q{ߴNROh6EL%iJJ=B\rJi!BD]̝c\'HIB.R#[bX\\Ǵ[ Ry#VgƳIx,ǁ|+Vn-o(ϨZ/կHf!7?E{a[\'d2=A(gSG,\rha$ġA`>\0ptҾOc`Ɩ@xh?epVĩ`ҵ08&bm[Y.dV]nwU+C:A5ӘlbJ\ryX\\:@!TB֬	e#8گ;2޴DDmU\n٘KYr$GR\0`z_ۛbݏv=-\"\'q0Y[V:%PS>޺t9f{Sd{Nýʸ}`X_[UX(LǄ#\ZgJ6Am5{plv`kX̼\Zfc#~UbդUe\02c¶yʙ\0r#R>NTॴU|HY\Z8m\035y[\0jz눋oĂsU =yFx*I\0iy3O\r(BWPl4*EJ4#9WT\"jZ|SQyRYC7&I&I:}ҺF\"gxTg\\d)\0i4$\Z*\07-blYrY d2uRA^DNW+O:\\^_dg@\Z0VoQG*Ѡe:EbG[Zoa]Wm\'9H\"PI>?q޿y-Kn%G>Χp0w\\\n9Iv6x2t]$t$	1SpzLM5{Ov(\ru\Zr$\n,nFu:68VE4`}Σq){*J$aW\"/u.:d+\0I#)j=3NW?_i&7^1xqiI\\M.19cY\"9®t$3̓厀hѻFoSjxpjeᐃ<{]4,OM4\n!9\r~5q\0bnƤ+xϞb$mI]ԳJS^(}ƺ_fq5`#e̛&!d1f4Lj>^+hGPOx«̵Ca!h/>KaKl;[C42(G& ^G<QVm-n?Sy<7\r7ڝ]<+K͏־6b-vlq\\=\nЭ\'Mgf\Z7T:T uU3/iT\"b6Պf{ϋMŸ6UU$79ZC0Kd![w!AetQCLKs5$8,A\'t|(^\'Q,45]*-ϟ]gxb#^d|Wՠ0ao[\'Yc¡eDDe֌RɻtvgWJFiۣCvđԘ\0Uj\"yRKg]|e;Id7Ҹ]mK$.\0`H=T	۞oCaFK4f$LN)P͋HsJ-3fG(\Z\'O]<\"r޼ z {9n1Q;xWIΌK}pJֿa{qpoÙ;&<*GvsO^c\0hv2 I<aYcx	^\0˱	\n+aBݷ	k	2I\"@úr^jxs$_pr\0HH5{>3v\0BāYI-qW]fà%iFǸk{\r}==ې	 H|^5\ZPe؈Ѫ}9~ɀQ*$qE(\0ƙx&<	U#g%҇ufs/9J3W`24i~+Hʇz\09]9:xhkS1+rk(U+\0Ϙ)l\rP5|3{l^V9Wa6R}EaX[	ڭƵ##2g$*1\03HL$1r{WB{`@Yfx;X\Zg\'0_\'MIu1mQRWH:i\\|)Dk3yޭK-[\\\\kw!,wsTW3ƋaiI͚*\\l]=[_±mZSl7K9>lv:%XViVF/3s!$ܝMls4**Fƶ1\nܺU!nX;Nn|fFvd6P5@3mF*W[sqc*tȅ+sf^`O~;1>M	+/Y=ᙘA2@ջ垛\nh,Is`^㋌\0\ZyEMoZbn6q*\'d@Sp{=~ڌUC-*|CH\n?g$kTӏaѲT-By~j|jsw_V<{fk#6]!kYrR|˄oƷoE-g++6H%YX6T&ȹe*O`	ߐxUrPv&\\(>$\Zx;~ ԰)c9fc/)Fl\'uu8htΡG\\rŻk[G[\"\\殺<򨧱w:^v\0{QA\\b[4g}jƊ8٧*iCmF;oQ]lVF]I_3r˨7-/ԧ*ۗJLĀI>\rt4xyUߤ,X9\\NqIndu<Vy#>\rԓ\nփ;\0/LuoZ;[>f65%:dťnF}K>&.r?!U)RW.*C+h# 2Σs[6,\nT}M?L[`&q椄\"̹\ZĜq}-*[@H37c旽\ZZ\0\r{v[SAm%ڴhgbs(;<1pWOeYe0#m3YvGjXRiSK\"A\0σ)D<@BKu9&PU&ݲw(.KIfG7x>sjߙQ;sYImC(`}޺sE_^G*;ob]	kO|UWMƮBY&֡jΪ2ڟ5*67ff*\'mXҹLu}QZ!Zd鸟)؆6܂g4bhZ8WCA7\ZǺmp3v&w0GΩWP]N\rEmOmٜ-#Cx2/k7kqn+f)22\'~{]xEekH&4\r\r5l%MkeAFµzܥ8N\\`*\\@\Z%qhMT,7\\ܽm[aV,cO@uB\'(!sdSp U]f#^qK7ݠF5Xڲ	i9fpacc7q)&cn4\08Vߵbѹ˼s)\\O\nÜMֽs`t}~fEWoW_~L4Ǘ^K7=AA0JٸS1RHOݵvMg%c`	V?\nlqKEuB(RAoks8%k9KGdx\r\0IXr0!0@Pr&6(-[0lހ4HmJYF@\\\Z7;#l\'t,C|>s9v;_G}YYp*A$2n M/G$Y35t,pֵ\0`ir^caqTT`5ex$[$4z˟\nxIT-ՖT1o=O*nK+/;Nʕc/OX!msʺIC[\011zǶ-ii\rlWUI\'M )㍵`sIk3JR\"@1I7ǙvA^hG3iW8`\00|Ee rh$ZGt`X\"+IwqWF0_X5@3^urlL0\0d|I4_Qșfs#(6Tx.D]{m)\0FqQ$$R7be}Po3Aߩ41=$\\¢͛5;{;t#[Xk}\\@hKfl⯭з\0O>\Z}}D)\'_1kn邤ğH7VͪDw*\\#buۺ$UNHy\04G/Ɗ$HMbwL\\c/\r,pl	XrkVfSAߺb#*|Rm8{; 㻕]`S/_>=-\Zfw6Ԁ	u˛M|k1X[U\0Ib4T\Z/(<+q;g)ȨQnBsI>?\n˷|1Yd\0+kxWIynUB%>BqϚs!X\0$b1֯ݶ0duȚh`KG\nM(ܻq{#r`^2s,u/60+x7}J[\ZUؘxZ}B\0&\'0po5ST(	\\HU\0xb#ch[3`d?k\\3)=\0@\'&/3ͯiKʏ\'鈸Zbs?}Ot9_89xW][f	/tm>otkv$$\rkXc<UYr7 F$ZF}r3´eՉTDk#lb;F`5=ح\'vMqA9M t2?>d\'k;k%\0UE?[9/fBQ\"4u8ӓA!-rI{8FǺT>@zwO\0{U_<(mpH2 h6Ӈ.iiШ0vsh+slX*D2+q\'Nڃv{;?p`&VA<<6U\"~_(<o-)p#q[S#pTB\'xu9Dk+cɋCr16Τ{[S3׬ўŻvpdH$vv\Z݇*w[3v\Z$\'߃(\Z;E཮N]l=P\0@@4u\rn6c=ӹӧe\0cB@˴x\nv\"=g{me-l6$?ܒ5ү6N=|\0;\0fJHY e$d\00\ZrG/H\nyjv3:4\'jYE݄zW)A H<rӟNT.?6^$l>\Z\Z}*[3$s$Ӱ2-mz9`oƳpj\\W<lwx;5[!\Z	-r\"f`\nzXɫڇ8m\Z\\pa{,2C6`G£1=zA\n2OF4c\'F6Vj68H\ZRULRRb2\Zv?SC1JZE$V&#\02=98w\'?t\r#YiV)Gz4%oylgB(RH1 kVa֥\n\n{Ɇ(BwL{UK#NoE^\n,\ZsL\rIP<^k[%\"#]kfV dNrt;ƺjwxZز\Z6}\0t*X}R;gGV(m%x6|1DɈ7◜E\'\"ܾ@\0.g;Cfe=Z}:]r oW#e)ۛمcrЍ-צmyQx.,\\ʁ@Fy\Zֳ0\0HVc8Ums0TLy|IFVߩǥ;\"bu:Zj-JA%\'c{QQRE\05{rNgTgvG?PJ&\'x#-\"?wγ0h՛( 1;9\nta\rYR+npDHEtւ]Nو A@kB\\cXlv׻>5e$|c).=[=gq*1VlvlZŢ@;z=++aV(aYum]gU1hZwtZw->[7Yg%#ҩ8R~kSn	8흁6fn/Y-d<hGOQҰq%C:\nX23U]庅^LU\'%ܰþ.\"H1x<e9P#8g|kSZn$Ɍ\'&F³5wSu@a -*-WM4ש%aqWUruLW6;5\0p G]j\\aoT{6RHKf-1cp\0$ᮔr]S2Mُ[_\0C1^ۀHaMWjez9ȉTsQV\n7 k\ZJջdwrZ@ֽJ-=CY\0On:s̓IZ2~C𨋍վ&-*|\rT}Nx]=Oթu6>S[S1Ǘm\\}LA;\'(vy@+YHY[\'\\u3,PvLbT|x8T_WEGuL\ZKݳ^XD\"ܴUYL\nf\0\Z\"R2}:1a.P`#m*͵QU5n>[͘\nיqV}\'_dX_ߝG7lYfw_?gQT_	\0W3`x\0Q+?M0̑x\Z_?Bq=~ WKlA\0h..\rv<\'\"W)49նև;YUs?>O3K\rW9(b=9\"Y*Dm,ʎ̌ŐfIVÕX\\oقHfy;tugn!@!R#*`셏~	D\Zp*.+N7^;ʧ]k\'(X^(N0[V9*X}Vi*l\'q`l`%Kea:Pجd\ng$Cj@CI|	.eQǟƛH=E/^u\rV۱1nVQ\\ot>M~\n~e/9?ImQҮHye:9iΰ?)&6p 5ƐИbsm>5~mGP^(hRt*Mm\\\\Yl!X3ʆGԕTiGk6O\Z5\n\Z~M@twG__\ZڎSP6> \0sw\0۾)μoTnS\0oΛǮԥ_&<)f4j-:A=`kYJ:*\'2qv:Q\\>S.XS$4;M\n]us>kO\rƾx\r{\'Bn.і4;ѼbO[?}lMC-H\'q:|PMH1\'riϥi>BXƇ5ιSGCk\\:4SC1,ŉ:4x:D^^f	d֯P\"?Ц%u0FFP$KDE= àP Itcz5Pd;fmU-,HV۾iY	=vs@*]g1#CLc\nD<◝!SIOZN nnS  ~Owlv[ ~^Uh	ĂFǒrU\0@Q^)]yS>c?unx4_NB\\!1~/%=|>y\0\0t]5\nLF)h);4yG-uY#}\ZrܧL:HbØ<@:)\0\':cәdjv~U\"cn?1$mF/rlڞ`{vkU©gSw ko:I3B,(b>ȡQ=]?GXurf\n]I<jF4 ǔe&>uRPokKݒMHTviVT\':Hi5;otUd7T%d:ɂ<i\\d!hTz\r5@F#o4~ÍGiVrdii/ҥJXE>gJ䏀Q?\Zk[_*\0a47v_Ҡ*\r$j&<({}ƕ*[։fg^Ξ4_>h1iR.dLy0J\0+!J\0J	˿\0T%YdY=FQ4RK򀯜2#X}_\']uIٚ;!K!5*xp>T]]	ԛ7$y*U^^?RrrM*TC','A'),(2,2,2,'Vigilancia','Deberian cambiar a los vigilantes','2014-02-06','00:25:12','\0JFIF\0\0\0\0\0\0\0;CREATOR: gd-jpeg v1.0 (using IJG JPEG v62), quality = 75\n\0C\0		\n\r\Z\Z $.\' \",#(7),01444\'9=82<.342\0C			\r\r2!!22222222222222222222222222222222222222222222222222\0q\"\0\0\0\0\0\0\0\0\0\0\0\0	\n\0\0\0\0}\0!1AQa\"q2#BR$3br	\n\Z%&\'()*456789:CDEFGHIJSTUVWXYZcdefghijstuvwxyz\0\0\0\0\0\0\0\0	\n\0\0\0w\0!1AQaq\"2B	#3Rbr\n$4%\Z&\'()*56789:CDEFGHIJSTUVWXYZcdefghijstuvwxyz\0\0\0?\0:)Fc-6P1ԢRJ\r4R\0P!Y=繦u1ivS GRAFz0(ҊAK(\nh\n8b)\r0KM\Z\0Z\\R4Q@\Zv\0-}ihS(() ARmZ\nĮv6=iRPE \03Fh4\0f\n\\RKIF(ii(-&sҁ&h\nOZp\\P!&\nuJZ(\r&CNPrA5rjz0QVF>\"SıũMPq\\zw32Eqiw,\'1j:=0RfaqQsWJg,\'&hȤLI@%-!4RS\0(1o4(u8S\0>J(M-OM-\nNi\0Ҋ?JA\\ffinҀ[w(Z\0p\0Zm:(3MӺT{֗^$(ĉ)\"3Iǭ-\0(4Rfu\0)!4f4f\0u\0J)(\0--74\0)3I\0vh7>I@i@&(\0ОRL3@IHO&.Inh 4=\0?ue4#SLCwRcޖFM.iP^$lzfEʸ\"K\ZANEZC*wJ3C\\;HLڑ~ќǕEYi\rrvctŇ洢KlQUp>p=hi(&hQI)RiEABSҊ\0v1lҳcQ3sL~H)RG\07;)UP:_@E-X#4H?\".)TT()h\0\nQF(\0( Ӏ6ӂDL^OGl8u ̇58Xa\Zr=c~S~m?\ZB@Dޯkom?JaA&䊽p{ҝ\0qHih3@E&hQLњ\0wGѺ&iҔ\'8R\01KE\0QL@5JQ|U_2lcM\0mU庎#ҲnKnpqZQHg\\~`\Zѻm\0՝SV<t\0S,rOA@V=j@-0\n~1EAE&i\n\0u!4Ɛ\n\0X,)BTM8[͏+\ZP;|tS/lz\'`(\n)_lIb3N@WXz(50%.R`Q@$sIr?\ZKb0 j7\\Z]]G܍TԮdLҋΊ߷^\0u#EV0\Zvj0Hc-LF.]Ҹ_sQ%ӟSV\rQRIվ5(4F>PsV_P2DFN洡bP\0`>8\0 %SDz0ЊbP)PKcHz6.)qL\n\0eC\"lfTSt\"8WqK@K46hс@M5OUJ\n4*C\"mAԀKmnh!iB:@\r<R4m\0Q@h74IB9Jךx`Bzԁ@@S\0(\0:fMpS7\nM&hL>րxÊ\0)h|J8I)\n`>7-4Ɛ\nE+!EH9bXp#3dyPg폭YT\n>P<-\0U؟JQS@i)٥vڝEZ3M4fRR\0z(TfyNZRde?`8iAfXj\0A:T=G4DVjOG`\np\nfjP*}b\"OJ8\nar G?Z\0RVY\Z]J?R(-R-wQO6*{SRػTd_SIOFeu*x3\0b)> e=/|GcH:v}`\n1Xq֬@\ZXޫ@@X_\'pE=o\"=L	F)#BF qGE?)?SbCQ5;)Q.)h\0\04ޜy\0<H	==M\0&\0րJ)@4\0IK@ťRFjsHqL\\\nin˹\n\"D(\0uM(6>d\n\\Q`\"[tSgRX@.SiiP\0̪9 }j	/ar[$?Cy@~d֡SHWۄ&\Z~Y>Sd\Z`: 21Rn\"MnKۨPou\0O}CG46M{q*I:ըe\00ۓUu:?(Gp?Ƥ_4u[<_u9coʜ%Qtg\Z\0p3B?)~-uP_Zw-B)L\\~4{Jߝ/ٟ\\J3ɜtOQp&ĘFy\ZP&I\\T~o0\0:}h,gNܾbZP)G1!O.(/\"?}=OE +Qٍ!=U)mښatQP*\0z%(=)S2@59OaM0\Z0^;ztu4\0g+&RypZHք*Ĝit.˓׭eyW&&O5<qE@i@P\0Li-&@\0qIE\0<zo}o\ZoJ0\n(\0`ZxԠ1Nq\ZZw>f\0̱s\n&G	o#(4q%ڽjd&c 4]Gq֦:AKLQHq@!jijijBZZsM%}h\nZ&vjW w5{ubMG*<;pdb(Pbv#OKk@)Rx~TyC@\\ϧ\n\'/!8\Zt?T>c쫏GI_Gr:O}W\0\\?Jg٤DMG]𧮢U_*AIc@X5:pCYؤm;qzipѻ/\\w$iZMV}ӄQ)*o7`]83dt*^VHb;xGoΘ\Z{\'~\0?CT<^L??\0[(~bN\Zj\n`MHQ4gQ=cT\r	C)E/hJM\0KF)TGK\\4<I.d?T2}ڕYgj:PuPNlM!Gh\r+<TFuE.0@˿*E$O曻҃,$(i*9\')7o4fMט?pB}EHN<\Z.I}M?x\"Lњ}\\р{\n}(4\0O2X.jy;iqO2}B2h}QJڀa߳r4j!CSw1\'FlAgaYɣ9R`3b1@\r#t8b5e.\r?DmHQSAQJ)@\0S}N0E8TAo7Yv&TBoUoʜ&^J)qQ	=E<J	:$_Zpe=RP\0(@	ɥ=M-:\0iB7JpP2?,\n\nC?KK@y)!Hm\0d~5f,_F{0*xt2}~T\00)6\nft0I=)6z, ꆐ#捇o4\rXTC&x§7?\Z\05h\'BmWʀ\"GwٽR}haY)\0lr0pj?:O&A&IM֍?U^[c\'W}\r\0Ld\\p֍UȃI4\n~cJb7TI\Z?f7Z7Z4piy4I揔u9pތLޠp(n)\\,Iujq=M-QhaRҸXqv=:N\0bkjemqM+CnH⧚H,<Q}xJ%5$sJ<kK$	6_I\'?zƭǧ}CyAA=GzͲfOڢ:ΆI+2{]23\nԨִӭ,8KdJõA=]@#>UXZ\"m.TX^<zȮ}#\'fyWQ⺍rQgOc+-#fc&A\\RB\n--1(S0\nE4T*b>UXzQ\0tt8AVǌtQ?\Z6: n9AyJa7e`;f8\\и?)Kc+\Zp4\0rEαA>s\nЂ>tﳯfa(v	\\I\ZSVPFa\0-\rAfiR~T&ĦE\0J]p@p}\0AcctE,dAP74G?(՟3?*zkQ1aE&F׾GP.	iT\\	|?)T=GshnEz]֢j{.-F_dzT~LG|KQt\Z<;H?*.j/.aєmO@Q~\0?CFGX(Qy:ߕ\';		qBGN(D~FMP\0޾6m=h~THM!4XKM0Z4jG5tMP~XZOA7㠣sP)qJ(1KKJ(\0\n-\0\0Ru0SI XD<hκ}0fn\0!Aa`0@k;&D.&#md$k_s,yϭH	\0t>tA{7oP\"QZQa@pToHghDwd\ZAj]?/]RduN-έ(=AS)lջ+Αb:67\0v+7Rlbq?917aN\02`qU58C/\Z7;\Z-h~U:faw<Щ\"Wma,W=Q@M\n`<Ut/*+WH8+H$_eWI((gvx2FxcLOe\Zyb@Op)iqB(+JXpN1ҕisB\"bsEJtqGaaTK\0zՁ)iB{ӗjyPi,0(#\'٣lT92=*cT֧ X[4qȂ1Ub˸\Z&mZ?ɍ7۲W4fQ(AbZdqR}AJv+nSĞzQ΂r}Kh,@|,3u.z~IE>d+\rJ%aБY`6}p?*9<O 6j2EӚS\nCҟ0@u$R6>ߔ`\0RaM5|A:b#ƬaV=L0Hʯ)0/0~.gaō@qNz9ЄVʲi>j|5hB$Eƿ)g\0ǫ&\\,kHzJߝI+V/;7K .tVGڤč9rMbe*1LKYF\\Ӂ+R0-\0R@Z-0֝Iv(\0M]^*j+͠KwaqZӍvEq>⌷`*s\\	?A<H=x{6؆\nzq\'*?!<0v!vᗯ8L;;2	\n.X-\r\0\"N$($񻞕Be6-@G9u2=qҠ{>*;!.Ez]Pne9CUu7Ű<`\"09hD==\rJ1zzUxS|hg3+ n:\ZXaB-L| ϥpWϭsԍ,DP3t4cf7JEӅW-aRyȲ*\"uÐ僑\\rWmGH[S2V\'?4Vb<F$\"a!\0	ּSXe8L	) \'S#z\0iTc\0Rdy˃b㊚?MOi@U>yLq1&dАvX|<\nx9QM	q\Z*\'|ȤȐc0VZ\rC\r\0\ZV)&)|>Eަ\\+$eҔ11Xq@OqqM)dZkCN\'Ҁ3(x04.\0AlvH{pQ+hF8\\֭J9Ϩi&dME}UĘl!皈{T	IɀjvOM48%{\Z9k1SSlcؖƄC0S\08RAN\0RLAK1NQJ(qK)i|iEQrf3.+ӓ̽}1Xd\0WMdKY$bU99\"ļr	ϯJ\nBr3Q`[:KaȀ*;\Zܩ\"FKt+҆\n#=iKԂ5C\nnsH~	 \0wLy\0O8L4 ^32{LAC3T(ݤbp?^)wTJz$_[`GsVNAQ8*|\ZeQT4O$c9Z$EVF/*gOq߁\\/ARVUV	vfnkOUtla޲-%z:OBa0:֌2ǥcI#8![03\nO˯ֻ貿\nؑOFr3gilc*Ŀ_ʊ\"l-+u\0i)Ix)]或*/	QҮ!whTe)%qC5e?3t[R|>-+ʃAҕlA\n8qME`JMɠpA.<E\ZNHW РE9W(H$]8GsIBd\ZVBFjWp`b\'Jzp^=NTڄg\\cJTn*\0H%E3n\ZmĄT.<3L*6f4ATRyG\'iZC$2\r*TG,GzŒn$d唎c<j0JdP}áP(Փ\n%e*m`\"\"~`ɦ}>\nZ\rZo\'!ЏQUd05i\0$}*H:4pA\\\r$c+.ZYyR\n;RH)¨C\nAN\n)ԔQNPҊ)q@KH)qLBQH;ؼZ%>dm\0Óo,*Ii5GSu1Cg<뮛J(Є+wVV@*݊U@\\t;II^n?EҦ+I5σ)>RE<dD}\"5ǆ)Uk)*00\0Z_-@?*-fՃI\n4Lу	\\:C\0)\n&_)2*95Ql|FN3YQuPXUI<Ǽ\'ITY>sČyeqԄ\03P6ڡGlHZE)09>NOWUdm̴OʝH0SbϒJTcp}hbڛ\"T98)VJEGqk#g#UpP\0U6E*vAd\0WKRUL&j0\0[Ct2`XhRzܽ*_J\0x\'$\0oCN]s@QE!~j`]cDf_=2!Yd`ӗSҀ\"~J ^3Rȸ\"F)0Dn1%2Q8ʝ))\"Ú\n&\\[FF*X#T+H$ژU#@3;To\0WvV}^R	(\nn?xEIс|C tTqH+DD4w~Y>O`b*AJ~aG@ 8*}\nwNi-֩7nL1UV=j|ZC|k>k2nZ.I\0HJ\0#`PsXd>Sϵ	kBN҃]͒\nx\nzՈpH<\nb\npK\01J)E()E\0qJ\0)Kh\0R,ڭNp&Xr>7nY#85iԵGSHfuq?z?V4XI4ͦzȿ06k\\}=jC5:8%R8Pc܊Xn\0u\r`M\"ɺ2=qޜDj\rꍳX9 ֛nQc\rf}cl$W\"xdeRW-ǽ%Q0phZ,Z1\0֧6˷m0jKd9:k<niy]I?Ηߢ\0J5 ?%kpC$f!2E6݊O9aZ#*|r*+ƪMlTi҂T\n~*XF\ZVYեmU\"hǽhTiJ+6\"0\"C>&kXlޜ9E=Zl AG5ՈXHeʫz\ZH\0o|T`fGM1>OJ.WL\0f+:ԃw9V)=:evB1\'P/*NigZjO oOazvJ6=]sRH42(H.@W10\n\rҘ1OUSF6GS08f{_\ZsmVV(يdX2/UIXiʹGcI 9S\\p\r\nݍG\'1T}Ghi$Lv椵DU6Ue\0U\"w)\"]yȮ0<R=*^#ChQS bp9uG3_ʟ9yE\'GI\'MB1L1\0)3HUr\0SK`&)Eb\n\\R\n\0RN8\n(N\0Oe\0#M$tYjob$9xbA\Zf]1hVeuԑ\0(VLޠx	L2A+=S6d~OT,qE\0d\0:Ն?\nS) ~n<\'GFG~8(D7@d{S$*zl\0\Z6HjL?Z!슣\\?&>9ϥUT%Ҷ4tb6r+8٤HzTRT2jL\rK:!Ph\09+1CE:b蟝ҧppri*\ZIy\n&8(?1\nrcsUKa\nN)S9+ XP1PmYZ+;0jtSǚ}h\r\0A\0ߚ}\0PS$GA|dv1Ҁxzq,6~ː7?.E*4!)TȨE !BCȧҬJ1=ȩSA!\\b*F\\4{\0>Z3ڔi`9\ZbV$`24=u<T.O#ޥS_{T0BcS7ӸMc11P{S{яݯҗ\0_)1RbHhbLPqMqRb!I\0n)iإ4\0R\0JQK^LR\nZ\0-M/AEg\0IZr˨LDmqU[!y1<U8![S>\rZad4{źq=W5]I2\'PW/pod۹Rj3ajT6cЌk\\*{TrG\0z&3`<r|ִ4QMjT+85le?QL6kq\05k͹\0[EhPXs5g0H!P*1psVmT`沋iI&|TRXPL>ҷ*	j%!MZTu1d3	ZV?i6I)NW8.p3H8>p4Ȯ9DyRBOM}*P{\0\Zh \Zl\"\\ӵ69pE(zdm9b1eq5Vb$SRaF*)6P8\rAv)}DLRM8(JBy\0}j9lԡOJ\n8qJ	6f5|vS0jsR®)?*ӷ|PmqN{	`<1S\nF?/7֢88>\0z#qQ~e8ӎyjyCR9D܌^RvN\0鶢.j@lN5\ZJ\0J(%\0-1֠Q\\Q@()qK/\0R\\QKL\0R)q%\0dʒU+A֯j+hKs>*!DV5d=)臮8\0<zNk;jn.N3۟I_\npzի<G\'Lz+M4qJPrfPHF	+KM Gr:R$EHݲ+OAY/s\r8Rw	\\V|@f\0_]Ņ^ϓYL|ҴT1Xep9V2k[{0\09\0>L*c=jcWrJf4#LõM8\0M+;^K\r̒KBTF.\nCL\n!SEIޡ&h}T+F\Zț&uDpԌIN*3RV&5\0xT\nЩ]=ɗ	jyn3V]ŀS1EJ~d5b8NT[8Eb!K`d#*3K?1\nt%4)r3\">(L֒܍-R1qP0.B\0R)ɧF0X-\"Eҷ\\R1mվ@T	4?tJ8f}*Ay!FEGܞdAs?qGzh<B~|Q\'bE49!71%B)	cRX~*M?gTwCPRIJkb4\0I(4zP8))њJQ@QE\0:J(f\n)N>ֆ>r?UBG=@0x\0A563r1u\0m?Z\"]1oS5c~])Bd֘B\nZڝaĞӏVm6KF7֪_e>5[VfGSjr:=ejIZ8㧭[XnWzN.DΩnCاlRD1v Rcvb6tB2ȺtʫOc\\IZ~*@9aR[0d_Γk`>Õ^Pr~{t^Dd2cqbbD:d\Z_ML*}UR4A\Z|_zݩ}CesZ:xʚ\'ӏQZDE~(@Tʸj@xt0>qJFqZCa!_8T1xjd\"\'\ZJA\nC +6}y	tYfG5dr$XLPvUВgޕ\0+Ls8QZu48P})#6S)2\nTL*E\0*M?T!RJwOJk⡐[W{SA!z2BUpc\02^Z8\\TR>SDsJ\rB?j\rG49#4MG#`)r>#c+\0Tj	@\"Z}\0JǱ<S_j~س-8\r4i)\0QIK@/jLC\Zi3AKEñE SNN\\,\np\"qI;wmp.cN8dW#p/~eiC2!/w)8\r&޹~ԝ\007X\01Sb`\0MBL+k:mODPz;HŸ85akRMgMH\"J?][i%&\Z%37I\nH>~Z̎TY\020`ߨɚ-HڡS\Zs;	3遊am4`H+h\\Y·>dх2qQ6r#\0#vS=lg\\:ג:EqSᛙpdp	>%ӭ$Ő )Rx7DCi_\rop\0\nOKh-ʐU/<LݝM7]̥Sྕ]@j*ԟxj+1X\Z|cX\r8rj{O`W)E\'UyjsS)OA3^yJ.FED~\0j(>JF@s\"HÃW<&$*sQ\0zz:\Z@M 9GNF\r64ܓޚ\"V$G4g{SK0Ju	T)4jr\\~tIq/29!JUy=nsN?n?wޫ0YEzL#*EWd2Ary-+uV!J8\'֡YLjqcUOZWԹk<I!$n4!y20F0T՛ΆYGCPxT{S\ntI*CP2g\rc(	CQc\"M85hL\0TJST#`o<P]δ.=i*$?4Ҹ<yTF(oAT}1ʪ~4qHhL(u#x1zpft|\ZuQYdO;pu\n觭תKWKit=\\RFq\npt=PZ\\\Zh\n`.j\0b(\0{=(&ZO?ֽc_e}5RHO5JsZ`5kny:U:֯SAE8+0WX]4>/+Kyfe2^,^=toZS;gkE7%5-+m,bAARjVk{T} p38Q\rF{mO\\`ֺ8n\"<.<ƫ	13Q,p&T<MMw(M25SUyk@VMcNisKPv!ϛEWÕx\'ܪGo1|vm#M\n.zq6mF֐HOGNUivK(|Pɾ@)wN|Q(@K7i۟nU\0,ߝ*$dt @$ \0)w\0f>bH+\0SD&C/~TAT^a\'cjsm@\\2i	G_Ν|4г)9HM!b\'2R9:mh㞵\Zj_MqQX0<)LKQ`+y?SL3U(6/0goʘOHޮRD?B%jJtITI\n)|=GV~QNT\"\0(O[)v\n@Svo΁\0?]=)v/\0R:0W-.Eg}ACI;+GˤNr&Fco¯t_+\"UUN{yc҃)\naCRHot\Z,\0߲#\n<I3X.;e]3%{)ez\Z,+=a;ƢJ.=vQdԁqR	`\Zv	$[qL ZTR2؋SBe)w{p+Np	l:V!Wau8\"p5=Q`[kqOE{(c`cзG,li\rZ->_:\"siIb}j \'}w#^[&[/ oaELw,kQ*_̃\ri\0 ?@sE\\ӌ-pZ6,vi1\0IN3WsI7֫Lhk%j#o\nkT))ɏ5j\\|7+}iޗ<0_QA$QL=h-6!\r\\ \\1N9G08Fj\\\rp)\0J<ʣ@(\n`Bn| YIRJj\0@@?!J\"l4\\dƁS\0!6?8C>m^\05b@~(y@\\@&3M#Lr*AS(<Έ7.CȤ#~E	?A@\0{Tq9)@ZW#hf=#Q5MU[:.`>MNd?z\0\nQd1̎\ZCƣQ>FC}\0?ՃNFn`\0TFщ\n-QkRtP?\n\0ש,W.\r~\"N~qN%*1>#5mGKl/O]F?VxzqkQ`#KSuϧ@_[Le9@њoX}sHo.\0Y~X.kfbj#Sn_i8P$8dSԀR杂FnM.h\\]m4q6RlZ,+y#9A*ehE\Z4)n&b=gDlc\ZйG;40w4dqS[C:L?ZGRD񫃐([-0Ns0%eOUrY ֲ-bZKrV`+늖{JȄtQߥGRޅk8$}yhUWZ|h?@`o9ێ\r_RI)T*8Q* ʡ72܇kQR[dxJQ)	R82\'5CpsizGމ,U6KL0\"uaR%Ϗ+6Hmҧ1?:HΎPS*E.Pj;M/aM)\nxьԊ)`jv(ɩLCݡE8E0ڔ\nAN(@\"v0(A8\0f2iA\\iBӈU#~T5VKlJPsN4s[ެ>eVLVAϦCJq#O}je]riwQQFEISM\\gB])QpaWaԡre0-1KH$G5\'1K\nv:R0G)R2)\nԘ\0FG);GQV\\<4lLUo\n?v\0)\0ozёX+2~?y;R0H\0wu^b)RP\"j\nv\n\r]2I?_Tc9?FZ`c}u Hk_Ɔ7ѩAI5X[_¬%~<R6n^>}&3ך\0с\ZxΜ ?)<B`lZq}bM_~/}Zv*sFw/V2;r$PPrm.I:\0J5/rmIQHO`3V^n׍>\0Y+БVF.\0Ƙ$ʣec5,G}LmX?ZbC&G9ΥedgT~A*6Ў<͟a4\rȫ~Pz9jRZ}ii)a=)ҁL(Pm\",?v*)@}\r7)٘U\n@C_Z(#ib2)Cq|4R/Jh\0JSE:@ҁKHQ)\'JC(ZV)Wbb\0ҝH)ǥ\0\0QځK@\n)R\0Z(\0TomAZ* 3ҁj|q+J1wI>Ve>r=Jhb{֣A)%8Si$d56ɡ!>meApG	m!w}jR>{ոxE+Qq!GsrE?IiS;)/+Җ)PE3EP )RRhQL#֐ȋՀ\0}]ﭓ\ZkeX\0h`Z\0z%9yց3@e~0hە+	miBf;g&Dex[³E\'i?^kS]Wj{XSo­G4-fj}t\'ԗr]|\rGE/(٫zTQFY{UAAW\"\"?KbEIԭen\0\Zr}j<}ޝ{$%?\nys!楄2j}	nhLi4ơ44 ii6jHME.,eUaWgtsv>|tu[hpkZJ\\H.41GӅRNQ֘\n(ZP)\0cҞ@M=E8PiO\'L^<PRwjQҒڀRw7֜(@;\'jPjp<v\0yZk%QXFyFL91>}gMk<$\Z\0r85fFnMM\0>g͢\Z,;Zڞ%u[d<VSlzqt0#RW)oy4C䐏nz=fAAU\\FEelTb=[Woikmx\0?[\\o~\\4\\od\0>og\0z\Zx:QN)sXi^?X$:\n,/>lws}@OiSCA\'*i63}M;-uTfNGVY[\'HWTUQd-Nx%u*iwnrˏ(tg)}*uѢzF5KL,S]2U-\0*#\0^O.doJ:Ԭ~ZhLrۧsiy)CE/\03CqHe\06,ո}}uLHp#$-5$\'-1o\0JL\0jc#BS֩cjA&<Ц\\\rFixIƓ51.xp<4&SDyDMLGzSpTfiWq؝6Ï֮Q0e8\"l9QMpRiEX\0RQڤL\0N(\0J;0zSҚ)Pp@u4Ph@\0iå\'j$qM\0)0sL;6zR\0K1@	F)Q@c=}z0iƛDe\Z& Gxp(M*5<z7+l\n1@/ߍXM::D[b\'ݍGTR\0P\\QE\0Q@-%-1Fi)h\0-%-\0+ʊLEb3J)h1Iy}(#QMsJ8;1NT;RҊRIpޗ?7N\'d1nls*)╇qR7XЄGi4L4)@N`>dRUs\\8<PdQY]8&n	<R$p(C:{+=ulW) u8\"+Kq#QLc)QK@SR\nSցRR\0)Kހ)Ɛ\n^P)hPJ:ъ\0@	SZ1I`?4Ҁh\0J\'z\\PKE\0RSRP\0(\n\\QE0RQ@Fh(-fESh\nZJ(ii(Tb?v@oQ`qҔi8H[(T`ӳ@SAL4zc\np4Җ!jm!4nsHh@*Pe@)>5*0b6 A˟©\"Y}E\0xtUse XR@O\" *;uWɓ:2B\"h\\`|{7o(d~}=jM*Z\0o#2{JָK:;JC,-!8P(\0S6(ip4M\0)E%(4\0t4P\0wcQNқK@hS\0\n(IޖP\0(Z(P)h1F(\'Z`)h\0Z@b)QE-\0P P(GZv*!BeJ)0Q\ZFFi6\nai67\"@ )S=)$!H>hSdD/oN]Z˅꦳lfKy˂}5WlHX߹M$P5ev.<hPAN¹#HO*K/!©?AWa%ozYj1\0شؓ%hE\"P\ni̿\"OElE>blqΣ?TdA޹d\ZVA7i-Rփ@bY=בKU)[%K\"Sl@Ô?yk;D9OJ)8Su\\th\0)ؠ/z;P()1h0RsJ(ii(Ƞ4(\0QEAKF)@\06\Z]ihm\n1KE\0%-PEb\nZJZ-PիV䊫V\0GuQ#q[IG3nPuC.SCe\"<Rd퓅%ϰrk7p^^1:^mJngS$r@ArI.+*ܞ&&sDܻ\"lPc(\Z<\ZL\0­!3-eQ*&R;	Ε8W\'P$e\n+)*]\"݌gR`\n0#*zt\0WC@\njx<J4 *UQRL^h`\nm8W)8Sef\0/mZbqZ/?t5KFX`C^C;4 *ޝ|rdrTM(ùpj`kQZꠞ9{Ѐp^\n\r-QaNQEZZAE0J\r%-\0-()q@\r&;o4S҅4OJP1J?-:iQ@PEPF)i4\0Rъ\0JZ(\n1LiQY˫u>+/XSx!&osP_mA2hY`;yo >:[ۙyL9WGU.lϰ$:Wryoi2캕܌ҞT\',I>`DCL\0\ZtV~DcUt[H.sNĶZ7\"bCo~+;xC>z\nO´DqsZ*`xqXm۪AcW|ҡ#MYZiӶ.QOP23mU+D`\Z^b(NL*>L8\Zb$N\Zn U%rX*\0$|·Zp4Q\\GHN\0QY\Zʹ~X6p}袅=\"1IE\0z(U\\,cs3EE8QERFhFOPOQLR(BҊ(1ԠqEQOZ((E\0(KEEP-QHQE1)h\nJ(A֊(5T(ƌkrHB-Ysk7QHrУ$r3}Nj2h@<QE0\n(MOAEikqnok չ[>P\0Ҋ)xbdb	q1EH	P^QT&)LƊ)0+\Za袤\0sO(&MZЄ\0h$Hh2?','A');
/*!40000 ALTER TABLE `carteleras` ENABLE KEYS */;
UNLOCK TABLES;

--
-- Table structure for table `conceptos_egresos`
--

DROP TABLE IF EXISTS `conceptos_egresos`;
/*!40101 SET @saved_cs_client     = @@character_set_client */;
/*!40101 SET character_set_client = utf8 */;
CREATE TABLE `conceptos_egresos` (
  `id` int(10) NOT NULL AUTO_INCREMENT,
  `condominio_id` int(11) NOT NULL,
  `nombre` varchar(60) DEFAULT NULL,
  `status` char(1) NOT NULL,
  PRIMARY KEY (`id`),
  KEY `fk_relationship_52` (`condominio_id`),
  CONSTRAINT `fk_relationship_52` FOREIGN KEY (`condominio_id`) REFERENCES `condominios` (`id`)
) ENGINE=InnoDB DEFAULT CHARSET=latin1;
/*!40101 SET character_set_client = @saved_cs_client */;

--
-- Dumping data for table `conceptos_egresos`
--

LOCK TABLES `conceptos_egresos` WRITE;
/*!40000 ALTER TABLE `conceptos_egresos` DISABLE KEYS */;
/*!40000 ALTER TABLE `conceptos_egresos` ENABLE KEYS */;
UNLOCK TABLES;

--
-- Table structure for table `conceptos_ingresos`
--

DROP TABLE IF EXISTS `conceptos_ingresos`;
/*!40101 SET @saved_cs_client     = @@character_set_client */;
/*!40101 SET character_set_client = utf8 */;
CREATE TABLE `conceptos_ingresos` (
  `id` int(10) NOT NULL AUTO_INCREMENT,
  `condominio_id` int(11) NOT NULL,
  `nombre` varchar(60) DEFAULT NULL,
  `status` char(1) NOT NULL,
  PRIMARY KEY (`id`),
  KEY `fk_relationship_71` (`condominio_id`),
  CONSTRAINT `fk_relationship_71` FOREIGN KEY (`condominio_id`) REFERENCES `condominios` (`id`)
) ENGINE=InnoDB DEFAULT CHARSET=latin1;
/*!40101 SET character_set_client = @saved_cs_client */;

--
-- Dumping data for table `conceptos_ingresos`
--

LOCK TABLES `conceptos_ingresos` WRITE;
/*!40000 ALTER TABLE `conceptos_ingresos` DISABLE KEYS */;
/*!40000 ALTER TABLE `conceptos_ingresos` ENABLE KEYS */;
UNLOCK TABLES;

--
-- Table structure for table `condominios`
--

DROP TABLE IF EXISTS `condominios`;
/*!40101 SET @saved_cs_client     = @@character_set_client */;
/*!40101 SET character_set_client = utf8 */;
CREATE TABLE `condominios` (
  `id` int(8) NOT NULL AUTO_INCREMENT,
  `rif_condominio` varchar(20) NOT NULL,
  `nombre` varchar(60) NOT NULL,
  `direccion` varchar(255) NOT NULL,
  `telefono` varchar(12) NOT NULL,
  `celular` varchar(12) NOT NULL,
  `email` varchar(20) NOT NULL,
  `status` char(1) NOT NULL,
  PRIMARY KEY (`id`)
) ENGINE=InnoDB AUTO_INCREMENT=2 DEFAULT CHARSET=latin1;
/*!40101 SET character_set_client = @saved_cs_client */;

--
-- Dumping data for table `condominios`
--

LOCK TABLES `condominios` WRITE;
/*!40000 ALTER TABLE `condominios` DISABLE KEYS */;
INSERT INTO `condominios` VALUES (1,'J-18569854-2','yucatan','km 14 Via. Duaca, Parroquia Tamaca, Municipio Iribarren. Barquisimeto.Edo.Lara','0251-8987744','0424-9998754','yucatan@gmail.com','A');
/*!40000 ALTER TABLE `condominios` ENABLE KEYS */;
UNLOCK TABLES;

--
-- Table structure for table `cotizaciones`
--

DROP TABLE IF EXISTS `cotizaciones`;
/*!40101 SET @saved_cs_client     = @@character_set_client */;
/*!40101 SET character_set_client = utf8 */;
CREATE TABLE `cotizaciones` (
  `id` int(10) NOT NULL AUTO_INCREMENT,
  `producto_id` varchar(20) DEFAULT NULL,
  `fecha` date NOT NULL,
  `status` char(1) NOT NULL,
  PRIMARY KEY (`id`),
  KEY `fk_relationship_32` (`producto_id`),
  CONSTRAINT `fk_relationship_32` FOREIGN KEY (`producto_id`) REFERENCES `proveedores` (`id`)
) ENGINE=InnoDB DEFAULT CHARSET=latin1;
/*!40101 SET character_set_client = @saved_cs_client */;

--
-- Dumping data for table `cotizaciones`
--

LOCK TABLES `cotizaciones` WRITE;
/*!40000 ALTER TABLE `cotizaciones` DISABLE KEYS */;
/*!40000 ALTER TABLE `cotizaciones` ENABLE KEYS */;
UNLOCK TABLES;

--
-- Table structure for table `detalles_facturas`
--

DROP TABLE IF EXISTS `detalles_facturas`;
/*!40101 SET @saved_cs_client     = @@character_set_client */;
/*!40101 SET character_set_client = utf8 */;
CREATE TABLE `detalles_facturas` (
  `facturas_id` int(11) NOT NULL,
  `servicios_comunes_id` int(11) NOT NULL,
  `cantidad` float DEFAULT NULL,
  `status` char(1) NOT NULL,
  PRIMARY KEY (`facturas_id`,`servicios_comunes_id`),
  KEY `fk_relationship_58` (`servicios_comunes_id`),
  CONSTRAINT `fk_relationship_57` FOREIGN KEY (`facturas_id`) REFERENCES `facturas` (`id`),
  CONSTRAINT `fk_relationship_58` FOREIGN KEY (`servicios_comunes_id`) REFERENCES `servicios_comunes` (`id`)
) ENGINE=InnoDB DEFAULT CHARSET=latin1;
/*!40101 SET character_set_client = @saved_cs_client */;

--
-- Dumping data for table `detalles_facturas`
--

LOCK TABLES `detalles_facturas` WRITE;
/*!40000 ALTER TABLE `detalles_facturas` DISABLE KEYS */;
/*!40000 ALTER TABLE `detalles_facturas` ENABLE KEYS */;
UNLOCK TABLES;

--
-- Table structure for table `egresos`
--

DROP TABLE IF EXISTS `egresos`;
/*!40101 SET @saved_cs_client     = @@character_set_client */;
/*!40101 SET character_set_client = utf8 */;
CREATE TABLE `egresos` (
  `id` int(10) NOT NULL AUTO_INCREMENT,
  `concepto_egreso_id` int(11) NOT NULL,
  `condominio_id` int(11) NOT NULL,
  `fecha_pago` date DEFAULT NULL,
  `fecha_factutacion` date DEFAULT NULL,
  `status` char(1) NOT NULL,
  PRIMARY KEY (`id`),
  KEY `fk_relationship_68` (`concepto_egreso_id`),
  KEY `fk_relationship_70` (`condominio_id`),
  CONSTRAINT `fk_relationship_68` FOREIGN KEY (`concepto_egreso_id`) REFERENCES `conceptos_egresos` (`id`),
  CONSTRAINT `fk_relationship_70` FOREIGN KEY (`condominio_id`) REFERENCES `condominios` (`id`)
) ENGINE=InnoDB DEFAULT CHARSET=latin1;
/*!40101 SET character_set_client = @saved_cs_client */;

--
-- Dumping data for table `egresos`
--

LOCK TABLES `egresos` WRITE;
/*!40000 ALTER TABLE `egresos` DISABLE KEYS */;
/*!40000 ALTER TABLE `egresos` ENABLE KEYS */;
UNLOCK TABLES;

--
-- Table structure for table `empleados`
--

DROP TABLE IF EXISTS `empleados`;
/*!40101 SET @saved_cs_client     = @@character_set_client */;
/*!40101 SET character_set_client = utf8 */;
CREATE TABLE `empleados` (
  `id` int(10) NOT NULL AUTO_INCREMENT,
  `cedula` varchar(10) NOT NULL,
  `nombre` varchar(60) NOT NULL,
  `apellido` varchar(60) NOT NULL,
  `direccion_alternativa` varchar(255) NOT NULL,
  `telefono` varchar(12) DEFAULT NULL,
  `celular` varchar(12) NOT NULL,
  `email` varchar(20) NOT NULL,
  `sexo` char(1) NOT NULL,
  `fecha_nacimiento` date NOT NULL,
  `foto` longblob NOT NULL,
  `estado_civil` char(1) DEFAULT NULL,
  `usuario_id` int(11) DEFAULT NULL,
  `tip_id` int(11) NOT NULL,
  `cargo` varchar(60) DEFAULT NULL,
  `fecha_ingreso` date NOT NULL,
  `numero_hijos` int(11) DEFAULT NULL,
  `inicio_jornada` time DEFAULT NULL,
  `fin_jornada` time DEFAULT NULL,
  `status` char(1) NOT NULL,
  PRIMARY KEY (`id`),
  KEY `fk_relationship_2` (`tip_id`),
  KEY `fk_relationship_67` (`usuario_id`),
  CONSTRAINT `fk_relationship_2` FOREIGN KEY (`tip_id`) REFERENCES `tipos_empleados` (`id`),
  CONSTRAINT `fk_relationship_67` FOREIGN KEY (`usuario_id`) REFERENCES `usuarios` (`id`)
) ENGINE=InnoDB DEFAULT CHARSET=latin1;
/*!40101 SET character_set_client = @saved_cs_client */;

--
-- Dumping data for table `empleados`
--

LOCK TABLES `empleados` WRITE;
/*!40000 ALTER TABLE `empleados` DISABLE KEYS */;
/*!40000 ALTER TABLE `empleados` ENABLE KEYS */;
UNLOCK TABLES;

--
-- Table structure for table `facturas`
--

DROP TABLE IF EXISTS `facturas`;
/*!40101 SET @saved_cs_client     = @@character_set_client */;
/*!40101 SET character_set_client = utf8 */;
CREATE TABLE `facturas` (
  `id` int(10) NOT NULL AUTO_INCREMENT,
  `condominio_id` int(11) NOT NULL,
  `sub_total` float DEFAULT NULL,
  `iva` float DEFAULT NULL,
  `status` char(1) NOT NULL,
  PRIMARY KEY (`id`),
  KEY `fk_relationship_56` (`condominio_id`),
  CONSTRAINT `fk_relationship_56` FOREIGN KEY (`condominio_id`) REFERENCES `condominios` (`id`)
) ENGINE=InnoDB AUTO_INCREMENT=6 DEFAULT CHARSET=latin1;
/*!40101 SET character_set_client = @saved_cs_client */;

--
-- Dumping data for table `facturas`
--

LOCK TABLES `facturas` WRITE;
/*!40000 ALTER TABLE `facturas` DISABLE KEYS */;
INSERT INTO `facturas` VALUES (1,1,12000,12,'A'),(2,1,30000,12,'A'),(5,1,1233210,31,'A');
/*!40000 ALTER TABLE `facturas` ENABLE KEYS */;
UNLOCK TABLES;

--
-- Table structure for table `gastos_extras`
--

DROP TABLE IF EXISTS `gastos_extras`;
/*!40101 SET @saved_cs_client     = @@character_set_client */;
/*!40101 SET character_set_client = utf8 */;
CREATE TABLE `gastos_extras` (
  `id` int(10) NOT NULL AUTO_INCREMENT,
  `tipo_gasto_extra_id` int(11) DEFAULT NULL,
  `descripcion` varchar(255) DEFAULT NULL,
  `fecha` date DEFAULT NULL,
  `costo` float DEFAULT NULL,
  `status` char(1) NOT NULL,
  PRIMARY KEY (`id`),
  KEY `fk_relationship_72` (`tipo_gasto_extra_id`),
  CONSTRAINT `fk_relationship_72` FOREIGN KEY (`tipo_gasto_extra_id`) REFERENCES `tipos_gastos_extras` (`id`)
) ENGINE=InnoDB DEFAULT CHARSET=latin1;
/*!40101 SET character_set_client = @saved_cs_client */;

--
-- Dumping data for table `gastos_extras`
--

LOCK TABLES `gastos_extras` WRITE;
/*!40000 ALTER TABLE `gastos_extras` DISABLE KEYS */;
/*!40000 ALTER TABLE `gastos_extras` ENABLE KEYS */;
UNLOCK TABLES;

--
-- Table structure for table `ingresos`
--

DROP TABLE IF EXISTS `ingresos`;
/*!40101 SET @saved_cs_client     = @@character_set_client */;
/*!40101 SET character_set_client = utf8 */;
CREATE TABLE `ingresos` (
  `id` int(10) NOT NULL AUTO_INCREMENT,
  `concepto_ingreso_id` int(11) NOT NULL,
  `condominio_id` int(11) NOT NULL,
  `descripcion` varchar(255) DEFAULT NULL,
  `status` char(1) NOT NULL,
  PRIMARY KEY (`id`),
  KEY `fk_relationship_65` (`condominio_id`),
  KEY `fk_relationship_81` (`concepto_ingreso_id`),
  CONSTRAINT `fk_relationship_65` FOREIGN KEY (`condominio_id`) REFERENCES `condominios` (`id`),
  CONSTRAINT `fk_relationship_81` FOREIGN KEY (`concepto_ingreso_id`) REFERENCES `conceptos_ingresos` (`id`)
) ENGINE=InnoDB DEFAULT CHARSET=latin1;
/*!40101 SET character_set_client = @saved_cs_client */;

--
-- Dumping data for table `ingresos`
--

LOCK TABLES `ingresos` WRITE;
/*!40000 ALTER TABLE `ingresos` DISABLE KEYS */;
/*!40000 ALTER TABLE `ingresos` ENABLE KEYS */;
UNLOCK TABLES;

--
-- Table structure for table `inmuebles`
--

DROP TABLE IF EXISTS `inmuebles`;
/*!40101 SET @saved_cs_client     = @@character_set_client */;
/*!40101 SET character_set_client = utf8 */;
CREATE TABLE `inmuebles` (
  `id` int(10) NOT NULL AUTO_INCREMENT,
  `condominio_id` int(11) NOT NULL,
  `propietario_id` int(11) DEFAULT NULL,
  `usuario_id` int(11) DEFAULT NULL,
  `alicuota` float NOT NULL,
  `numero_apartamento` varchar(4) DEFAULT NULL,
  `estado_solvencia` varchar(10) DEFAULT NULL,
  `status` char(1) NOT NULL,
  PRIMARY KEY (`id`),
  KEY `fk_relationship_48` (`propietario_id`),
  KEY `fk_relationship_69` (`usuario_id`),
  KEY `fk_relationship_9` (`condominio_id`),
  CONSTRAINT `fk_relationship_48` FOREIGN KEY (`propietario_id`) REFERENCES `propietarios` (`id`),
  CONSTRAINT `fk_relationship_69` FOREIGN KEY (`usuario_id`) REFERENCES `usuarios` (`id`),
  CONSTRAINT `fk_relationship_9` FOREIGN KEY (`condominio_id`) REFERENCES `condominios` (`id`)
) ENGINE=InnoDB AUTO_INCREMENT=3 DEFAULT CHARSET=latin1;
/*!40101 SET character_set_client = @saved_cs_client */;

--
-- Dumping data for table `inmuebles`
--

LOCK TABLES `inmuebles` WRITE;
/*!40000 ALTER TABLE `inmuebles` DISABLE KEYS */;
INSERT INTO `inmuebles` VALUES (1,1,1,1,0.7,'15','solvente','A'),(2,1,2,2,0.1,'18','solvente','A');
/*!40000 ALTER TABLE `inmuebles` ENABLE KEYS */;
UNLOCK TABLES;

--
-- Table structure for table `interfaces`
--

DROP TABLE IF EXISTS `interfaces`;
/*!40101 SET @saved_cs_client     = @@character_set_client */;
/*!40101 SET character_set_client = utf8 */;
CREATE TABLE `interfaces` (
  `id` int(10) NOT NULL AUTO_INCREMENT,
  `nombre` varchar(60) NOT NULL,
  `descripcion` varchar(255) DEFAULT NULL,
  `status` char(1) NOT NULL,
  PRIMARY KEY (`id`)
) ENGINE=InnoDB AUTO_INCREMENT=26 DEFAULT CHARSET=latin1;
/*!40101 SET character_set_client = @saved_cs_client */;

--
-- Dumping data for table `interfaces`
--

LOCK TABLES `interfaces` WRITE;
/*!40000 ALTER TABLE `interfaces` DISABLE KEYS */;
INSERT INTO `interfaces` VALUES (1,'ActualizarPropietario','ActualizarPropietario','A'),(2,'Administrador','Administrador','A'),(4,'AreaComun','Area Comun','A'),(6,'Condominio','Condominio','A'),(7,'Empleados','Empleados','A'),(8,'Factura','Factura','A'),(9,'Inmueble','Inmueble','A'),(11,'Licencia','Licencia','A'),(12,'Login','Login','A'),(13,'Novedad','Novedad','A'),(14,'Pagarcondominio','Pagarcondominio.','A'),(15,'Pagoempleado','Pagoempleado','A'),(19,'Reservacion','Reservacion','A'),(20,'Sancion','Sancion','A'),(21,'ServicioComun','ServicioComun','A'),(22,'Sugerencia','Sugerencia','A'),(23,'MisionVision','Mision y Vision','A'),(24,'Noticia','Noticia','A'),(25,'Cartelera','Cartelera','A');
/*!40000 ALTER TABLE `interfaces` ENABLE KEYS */;
UNLOCK TABLES;

--
-- Table structure for table `interfaces_por_roles`
--

DROP TABLE IF EXISTS `interfaces_por_roles`;
/*!40101 SET @saved_cs_client     = @@character_set_client */;
/*!40101 SET character_set_client = utf8 */;
CREATE TABLE `interfaces_por_roles` (
  `rol__id` int(11) NOT NULL,
  `interfaces_id` int(11) NOT NULL,
  `vinculo` varchar(60) NOT NULL,
  `status` char(1) NOT NULL,
  PRIMARY KEY (`rol__id`,`interfaces_id`),
  KEY `fk_relationship_93` (`interfaces_id`),
  CONSTRAINT `fk_relationship_93` FOREIGN KEY (`interfaces_id`) REFERENCES `interfaces` (`id`),
  CONSTRAINT `fk_relationship_94` FOREIGN KEY (`rol__id`) REFERENCES `roles` (`id`)
) ENGINE=InnoDB DEFAULT CHARSET=latin1;
/*!40101 SET character_set_client = @saved_cs_client */;

--
-- Dumping data for table `interfaces_por_roles`
--

LOCK TABLES `interfaces_por_roles` WRITE;
/*!40000 ALTER TABLE `interfaces_por_roles` DISABLE KEYS */;
INSERT INTO `interfaces_por_roles` VALUES (1,1,'actualizarpropietarioview','A'),(1,2,'administradorview','A'),(1,4,'areacomunview','A'),(1,6,'condominioView','A'),(1,7,'empleadosview','A'),(1,8,'facturaview','A'),(1,9,'inmuebleview','A'),(1,11,'licenciaView','A'),(1,12,'loginView','A'),(1,13,'novedadview','A'),(1,15,'pagoempleadoview','A'),(1,20,'sancionview','A'),(1,21,'serviciocomunView','A'),(1,23,'visionView','A'),(1,24,'noticiaView','A'),(2,14,'pagarcondominioview','A'),(2,19,'reservacionview','A'),(2,22,'sugerenciaview','A');
/*!40000 ALTER TABLE `interfaces_por_roles` ENABLE KEYS */;
UNLOCK TABLES;

--
-- Table structure for table `juntas_de_condominios`
--

DROP TABLE IF EXISTS `juntas_de_condominios`;
/*!40101 SET @saved_cs_client     = @@character_set_client */;
/*!40101 SET character_set_client = utf8 */;
CREATE TABLE `juntas_de_condominios` (
  `id` int(8) NOT NULL AUTO_INCREMENT,
  `condominio_id` int(11) NOT NULL,
  `fecha_creacion` date NOT NULL,
  `status` char(1) NOT NULL,
  PRIMARY KEY (`id`),
  KEY `fk_relationship_66` (`condominio_id`),
  CONSTRAINT `fk_relationship_66` FOREIGN KEY (`condominio_id`) REFERENCES `condominios` (`id`)
) ENGINE=InnoDB DEFAULT CHARSET=latin1;
/*!40101 SET character_set_client = @saved_cs_client */;

--
-- Dumping data for table `juntas_de_condominios`
--

LOCK TABLES `juntas_de_condominios` WRITE;
/*!40000 ALTER TABLE `juntas_de_condominios` DISABLE KEYS */;
/*!40000 ALTER TABLE `juntas_de_condominios` ENABLE KEYS */;
UNLOCK TABLES;

--
-- Table structure for table `notificaciones`
--

DROP TABLE IF EXISTS `notificaciones`;
/*!40101 SET @saved_cs_client     = @@character_set_client */;
/*!40101 SET character_set_client = utf8 */;
CREATE TABLE `notificaciones` (
  `id` int(10) NOT NULL AUTO_INCREMENT,
  `descripcion` varchar(255) NOT NULL,
  `fecha` date NOT NULL,
  `estado_solvencia` varchar(60) DEFAULT NULL,
  `status` char(1) NOT NULL,
  PRIMARY KEY (`id`)
) ENGINE=InnoDB DEFAULT CHARSET=latin1;
/*!40101 SET character_set_client = @saved_cs_client */;

--
-- Dumping data for table `notificaciones`
--

LOCK TABLES `notificaciones` WRITE;
/*!40000 ALTER TABLE `notificaciones` DISABLE KEYS */;
/*!40000 ALTER TABLE `notificaciones` ENABLE KEYS */;
UNLOCK TABLES;

--
-- Table structure for table `notificaciones_por_roles`
--

DROP TABLE IF EXISTS `notificaciones_por_roles`;
/*!40101 SET @saved_cs_client     = @@character_set_client */;
/*!40101 SET character_set_client = utf8 */;
CREATE TABLE `notificaciones_por_roles` (
  `notificacion_id` int(11) NOT NULL,
  `rol_id` int(11) NOT NULL,
  `status` char(1) NOT NULL,
  PRIMARY KEY (`notificacion_id`,`rol_id`),
  KEY `fk_relationship_76` (`rol_id`),
  CONSTRAINT `fk_relationship_76` FOREIGN KEY (`rol_id`) REFERENCES `roles` (`id`),
  CONSTRAINT `fk_relationship_80` FOREIGN KEY (`notificacion_id`) REFERENCES `notificaciones` (`id`)
) ENGINE=InnoDB DEFAULT CHARSET=latin1;
/*!40101 SET character_set_client = @saved_cs_client */;

--
-- Dumping data for table `notificaciones_por_roles`
--

LOCK TABLES `notificaciones_por_roles` WRITE;
/*!40000 ALTER TABLE `notificaciones_por_roles` DISABLE KEYS */;
/*!40000 ALTER TABLE `notificaciones_por_roles` ENABLE KEYS */;
UNLOCK TABLES;

--
-- Table structure for table `novedades`
--

DROP TABLE IF EXISTS `novedades`;
/*!40101 SET @saved_cs_client     = @@character_set_client */;
/*!40101 SET character_set_client = utf8 */;
CREATE TABLE `novedades` (
  `id` int(10) NOT NULL AUTO_INCREMENT,
  `inmueble_id` int(11) NOT NULL,
  `empleado_id` int(11) NOT NULL,
  `cedula` char(8) NOT NULL,
  `apellido` char(60) NOT NULL,
  `placa_vehiculo` char(10) DEFAULT NULL,
  `descripcion` char(255) DEFAULT NULL,
  `entrada` date NOT NULL,
  `salida` date NOT NULL,
  `publicar_cartelera` char(1) DEFAULT NULL,
  `status` char(1) NOT NULL,
  PRIMARY KEY (`id`),
  KEY `fk_relationship_53` (`inmueble_id`),
  KEY `fk_relationship_79` (`empleado_id`),
  CONSTRAINT `fk_relationship_53` FOREIGN KEY (`inmueble_id`) REFERENCES `inmuebles` (`id`),
  CONSTRAINT `fk_relationship_79` FOREIGN KEY (`empleado_id`) REFERENCES `empleados` (`id`)
) ENGINE=InnoDB DEFAULT CHARSET=latin1;
/*!40101 SET character_set_client = @saved_cs_client */;

--
-- Dumping data for table `novedades`
--

LOCK TABLES `novedades` WRITE;
/*!40000 ALTER TABLE `novedades` DISABLE KEYS */;
/*!40000 ALTER TABLE `novedades` ENABLE KEYS */;
UNLOCK TABLES;

--
-- Table structure for table `propietarios`
--

DROP TABLE IF EXISTS `propietarios`;
/*!40101 SET @saved_cs_client     = @@character_set_client */;
/*!40101 SET character_set_client = utf8 */;
CREATE TABLE `propietarios` (
  `id` int(10) NOT NULL AUTO_INCREMENT,
  `cedula` varchar(10) NOT NULL,
  `nombre` varchar(60) NOT NULL,
  `apellido` varchar(60) NOT NULL,
  `direccion_alternativa` varchar(255) NOT NULL,
  `telefono` varchar(12) DEFAULT NULL,
  `celular` varchar(12) NOT NULL,
  `email` varchar(60) NOT NULL,
  `sexo` char(1) NOT NULL,
  `fecha_nacimiento` date NOT NULL,
  `foto` longblob NOT NULL,
  `estado_civil` char(1) DEFAULT NULL,
  `condominio_id` int(11) DEFAULT NULL,
  `status` char(1) NOT NULL,
  PRIMARY KEY (`id`),
  KEY `fk_relationship_64` (`condominio_id`),
  CONSTRAINT `fk_relationship_64` FOREIGN KEY (`condominio_id`) REFERENCES `condominios` (`id`)
) ENGINE=InnoDB AUTO_INCREMENT=3 DEFAULT CHARSET=latin1;
/*!40101 SET character_set_client = @saved_cs_client */;

--
-- Dumping data for table `propietarios`
--

LOCK TABLES `propietarios` WRITE;
/*!40000 ALTER TABLE `propietarios` DISABLE KEYS */;
INSERT INTO `propietarios` VALUES (1,'19323400','lilianny','rodriguez','carrera 16 entre calles 61 y 62','0251-8481485','0412-1560395','liliannyrodriguez@gmail.com','F','1989-02-12','\0JFIF\0\0`\0`\0\0/Exif\0\0II*\0\0\0\0\0\0\0\0\0\0\0\0\0 \0\0\0\0\0\0\0\0\0\0\0\0\0\Z\0\0\0\0\0\0\0\0\0\0\0\0\0\0(\0\0\0\0\0\0\01\0(\0\0\0\0\0\02\0\0\0\0\0\0\0\0\0\0\0\0\0\0\0\0\0\0\0i\0\0\0\02\0\0N#\0\0Hewlett-Packard        \0HP Photosmart E327             \0H\0\0\0\0\0\0H\0\0\0\0\0\0V1.10 CN62T241FZ                       \02007:03:09 20:06:32\0                           \0 \0\0\0\0\0\0\0\0\0\0\0\0\0\"\0\0\0\0\0\0\0\'\0\0\0\02\0\0\0\0\0\0\0\00220\0\0\0\0\0\0\0\0\0\0\0\0\0\0\0\0\0\n\0\0\0\0\0\0\0\0\0\0\0\0\n\0\0\0\0\0\0\0\n\0\0\0\0\0\0\0\0\0\0\0\0\0\0\0\0\0\0\0\0\0\0\0\0\0\0\0\0\0\0\0\0	\0\0\0\0\0\0\0\n\0\0\0\0 \0\0|\0\0 \0\0(\0\0\0\0\0\0\00100\0\0\0\0\0\0\0	\0\0\0\0\0\0	\0\0\0\0\0\0\0\0\0\00#\0\0\0\0\0\0\0\0\0\0\0\0\0\0\0\0\0\0\0\0\0\0\0\0\0\0\0\0\0\0\0\0\0\0\0\0(#\0\0	\0\0\0\0\0\0\0\0\n\0\0\0\0\0\0\0\0\0\0\0\0\0\0\0\0\0\0\0\0\0\0\0\0^\0\0d\0\0\02007:03:09 20:06:32\02007:03:09 20:06:32\0*\0\0\0\0^\0\0d\0\0\0pd\0\0\0\0\0\0\0d\0\0\0^\0\0d\0\0\0\'\0\0\0\0\0\0d\0\0\00̻\r\n\r\n	  1	2	3	4	5	6	7	8	9	10	11	12	13	14	15	16\r\n	--------------------------------------------------------------------------------\r\ng1(OX)	: O	O	X	O	O	O	O	O	X	X	X\r\ng2(OX)	: X	X	X	X	X	X	X	X\r\ng1..	: 137	31750	100	210922	8954	6016	2653	1	0	0	0	0	0	9000	4900\r\ng2-1	: 2	ac	a1	3e	28	9d	80	80	0	0\r\ng2(OX)	: O	\r\ng2..	: CN62T241FZ\0\r\ng3..	: 0	0	0	0	0	0	0	0	0	0	0	\r\na1..	: 106	100	10	33333	1	2	355	2	15360000	51	27	0	47	1	1	45	0\r\nb1..	: 1	3	50	127	1	10	76	0	19	0	0	2425	0	0	64	10\r\nc1..	: 67	64	21	31	176	4548	10141	16	9024	4928	4	8060	6	2	0\r\nd1..	: 0	0	0	100	1	0	2\r\ne1..	: 1	0	1	25	0	6	0	0	0	0	0\r\nf1..	: 0	0	0	0	0	0	0	0	0\r\nIQ1..	: 1	255	5	76	31	29	31	29	64	32	32	32	32\r\nG1..	: 128	112	144	128	128	80	144	128	0	0	0	0\r\nawb..	:1	2	1	17	23	6	\r\nEv1..	:0	100	100	100	100	100	\r\nEv2..	:6	10	4	68	92	24	\r\nEv3..	:100	100	100	100	87	90	\r\n\r\nR0..	14	11	8	5	5	2	1	1	\r\nR1..	13	12	9	15	30	8	1	1	\r\nR2..	11	9	11	40	64	36	10	1	\r\nR3..	8	6	6	32	52	63	20	1	\r\nR4..	6	4	4	18	53	62	28	1	\r\nR5..	5	4	3	9	39	55	26	1	\r\nR6..	6	4	6	11	7	29	35	9	\r\nR7..	11	14	12	29	25	17	27	25	\r\n\r\nG0..	22	18	14	8	9	4	2	2	\r\nG1..	22	20	15	26	48	13	3	2	\r\nG2..	18	15	18	65	110	61	17	2	\r\nG3..	13	11	11	55	88	104	35	3	\r\nG4..	10	8	7	29	85	103	48	3	\r\nG5..	9	7	6	15	62	90	43	3	\r\nG6..	10	8	10	17	12	46	58	16	\r\nG7..	19	23	19	45	39	27	46	40	\r\n\r\nB0..	13	11	8	5	5	3	2	1	\r\nB1..	13	12	9	15	27	7	2	1	\r\nB2..	11	9	11	38	69	36	10	2	\r\nB3..	8	6	6	33	54	64	21	2	\r\nB4..	6	5	4	18	52	63	29	2	\r\nB5..	6	4	4	9	38	58	24	2	\r\nB6..	7	5	6	10	7	27	34	9	\r\nB7..	12	13	11	26	22	16	28	22	\r\n\r\nY0..	:22	18	13	8	8	4	2	1	\r\nY1..	:21	19	14	25	47	12	2	1	\r\nY2..	:18	14	18	64	109	60	16	2	\r\nY3..	:13	10	10	54	87	104	34	2	\r\nY4..	:9	7	6	29	85	103	47	2	\r\nY5..	:9	6	5	14	62	91	42	2	\r\nY6..	:10	7	9	17	11	46	57	15	\r\nY7..	:18	22	19	45	39	27	45	39	\r\n\r\nFlashY[1]0..	27	40	35	21	18	15	7	5	\r\nFlashY[1]1..	25	43	32	28	68	48	12	5	\r\nFlashY[1]2..	21	34	26	54	147	130	53	11	\r\nFlashY[1]3..	16	26	20	42	141	124	116	18	\r\nFlashY[1]4..	12	19	16	17	96	149	139	22	\r\nFlashY[1]5..	11	17	14	23	82	117	125	23	\r\nFlashY[1]6..	12	19	15	19	21	62	114	54	\r\nFlashY[1]7..	15	30	26	54	78	28	68	68	\r\n\r\nFlashY[0]0..	1	1	1	1	1	1	1	1	\r\nFlashY[0]1..	1	1	1	1	1	1	1	1	\r\nFlashY[0]2..	1	1	1	1	1	1	1	1	\r\nFlashY[0]3..	1	1	1	1	1	1	1	1	\r\nFlashY[0]4..	1	1	1	1	1	1	1	1	\r\nFlashY[0]5..	1	1	1	1	1	1	1	1	\r\nFlashY[0]6..	1	1	1	1	1	1	1	1	\r\nFlashY[0]7..	1	1	1	1	1	1	1	1	\r\n\r\n\0\0\0\0\0\0\0\0\0\0\0\0\0\0\0\0\0\0\0\0\0\0\0\0\0\0\0\0\0\0\0\0\0\0\0\0\0\0\0\0\0\0\0\0\0\0\0\0\0\0\0\0\0\0\0\0\0\0\0\0\0\0\0\0\0\0\0\0\0\0\0\0\0\0\0\0\0\0\0\0\0\0\0\0\0\0\0\0\0\0\0\0\0\0\0\0\0\0\0\0\0\0\0\0\0\0\0\0\0\0\0\0\0\0\0\0\0\0\0\0\0\0\0\0\0\0\0\0\0\0\0\0\0\0\0\0\0\0\0\0\0\0\0\0\0\0\0\0\0\0\0\0\0\0\0\0\0\0\0\0\0\0\0\0\0\0\0\0\0\0\0\0\0\0\0\0\0\0\0\0\0\0\0\0\0\0\0\0\0\0\0\0\0\0\0\0\0\0\0\0\0\0\0\0\0\0\0\0\0\0\0\0\0\0\0\0\0\0\0\0\0\0\0\0\0\0\0\0\0\0\0\0\0\0\0\0\0\0\0\0\0\0\0\0\0\0\0\0\0\0\0\0\0\0\0\0\0\0\0\0\0\0\0\0\0\0\0\0\0\0\0\0\0\0\0\0\0\0\0\0\0\0\0\0\0\0\0\0\0\0\0\0\0\0\0\0\0\0\0\0\0\0\0\0\0\0\0\0\0\0\0\0\0\0\0\0\0\0\0\0\0\0\0\0\0\0\0\0\0\0\0\0\0\0\0\0\0\0\0\0\0\0\0\0\0\0\0\0\0\0\0\0\0\0\0\0\0\0\0\0\0\0\0\0\0\0\0\0\0\0\0\0\0\0\0\0\0\0\0\0\0\0\0\0\0\0\0\0\0\0\0\0\0\0\0\0\0\0\0\0\0\0\0\0\0\0\0\0\0\0\0\0\0\0\0\0\0\0\0\0\0\0\0\0\0\0\0\0\0\0\0\0\0\0\0\0\0\0\0\0\0\0\0\0\0\0\0\0\0\0\0\0\0\0\0\0\0\0\0\0\0\0\0\0\0\0\0\0\0\0\0\0\0\0\0\0\0\0\0\0\0\0\0\0\0\0\0\0\0\0\0\0\0\0\0\0\0\0\0\0\0\0\0\0\0\0\0\0\0\0\0\0\0\0\0\0\0\0\0\0\0\0\0\0\0\0\0\0\0\0\0\0\0\0\0\0\0\0\0\0\0\0\0\0\0\0\0\0\0\0\0\0\0\0\0\0\0\0\0\0\0\0\0\0\0\0\0\0\0\0\0\0\0\0\0\0\0\0\0\0\0\0\0\0\0\0\0\0\0\0\0\0\0\0\0\0\0\0\0\0\0\0\0\0\0\0\0\0\0\0\0\0\0\0\0\0\0\0\0\0\0\0\0\0\0\0\0\0\0\0\0\0\0\0\0\0\0\0\0\0\0\0\0\0\0\0\0\0\0\0\0\0\0\0\0\0\0\0\0\0\0\0\0\0\0\0\0\0\0\0\0\0\0\0\0\0\0\0\0\0\0\0\0\0\0\0\0\0\0\0\0\0\0\0\0\0\0\0\0\0\0\0\0\0\0\0\0\0\0\0\0\0\0\0\0\0\0\0\0\0\0\0\0\0\0\0\0\0\0\0\0\0\0\0\0\0\0\0\0\0\0\0\0\0\0\0\0\0\0\0\0\0\0\0\0\0\0\0\0\0\0\0\0\0\0\0\0\0\0\0\0\0\0\0\0\0\0\0\0\0\0\0\0\0\0\0\0\0\0\0\0\0\0\0\0\0\0\0\0\0\0\0\0\0\0\0\0\0\0\0\0\0\0\0\0\0\0\0\0\0\0\0\0\0\0\0\0\0\0\0\0\0\0\0\0\0\0\0\0\0\0\0\0\0\0\0\0\0\0\0\0\0\0\0\0\0\0\0\0\0\0\0\0\0\0\0\0\0\0\0\0\0\0\0\0\0\0\0\0\0\0\0\0\0\0\0\0\0\0\0\0\0\0\0\0\0\0\0\0\0\0\0\0\0\0\0\0\0\0\0\0\0\0\0\0\0\0\0\0\0\0\0\0\0\0\0\0\0\0\0\0\0\0\0\0\0\0\0\0\0\0\0\0\0\0\0\0\0\0\0\0\0\0\0\0\0\0\0\0\0\0\0\0\0\0\0\0\0\0\0\0\0\0\0\0\0\0\0\0\0\0\0\0\0\0\0\0\0\0\0\0\0\0\0\0\0\0\0\0\0\0\0\0\0\0\0\0\0\0\0\0\0\0\0\0\0\0\0\0\0\0\0\0\0\0\0\0\0\0\0\0\0\0\0\0\0\0\0\0\0\0\0\0\0\0\0\0\0\0\0\0\0\0\0\0\0\0\0\0\0\0\0\0\0\0\0\0\0\0\0\0\0\0\0\0\0\0\0\0\0\0\0\0\0\0\0\0\0\0\0\0\0\0\0\0\0\0\0\0\0\0\0\0\0\0\0\0\0\0\0\0\0\0\0\0\0\0\0\0\0\0\0\0\0\0\0\0\0\0\0\0\0\0\0\0\0\0\0\0\0\0\0\0\0\0\0\0\0\0\0\0\0\0\0\0\0\0\0\0\0\0\0\0\0\0\0\0\0\0\0\0\0\0\0\0\0\0\0\0\0\0\0\0\0\0\0\0\0\0\0\0\0\0\0\0\0\0\0\0\0\0\0\0\0\0\0\0\0\0\0\0\0\0\0\0\0\0\0\0\0\0\0\0\0\0\0\0\0\0\0\0\0\0\0\0\0\0\0\0\0\0\0\0\0\0\0\0\0\0\0\0\0\0\0\0\0\0\0\0\0\0\0\0\0\0\0\0\0\0\0\0\0\0\0\0\0\0\0\0\0\0\0\0\0\0\0\0\0\0\0\0\0\0\0\0\0\0\0\0\0\0\0\0\0\0\0\0\0\0\0\0\0\0\0\0\0\0\0\0\0\0\0\0\0\0\0\0\0\0\0\0\0\0\0\0\0\0\0\0\0\0\0\0\0\0\0\0\0\0\0\0\0\0\0\0\0\0\0\0\0\0\0\0\0\0\0\0\0\0\0\0\0\0\0\0\0\0\0\0\0\0\0\0\0\0\0\0\0\0\0\0\0\0\0\0\0\0\0\0\0\0\0\0\0\0\0\0\0\0\0\0\0\0\0\0\0\0\0\0\0\0\0\0\0\0\0\0\0\0\0\0\0\0\0\0\0\0\0\0\0\0\0\0\0\0\0\0\0\0\0\0\0\0\0\0\0\0\0\0\0\0\0\0\0\0\0\0\0\0\0\0\0\0\0\0\0\0\0\0\0\0\0\0\0\0\0\0\0\0\0\0\0\0\0\0\0\0\0\0\0\0\0\0\0\0\0\0\0\0\0\0\0\0\0\0\0\0\0\0\0\0\0\0\0\0\0\0\0\0\0\0\0\0\0\0\0\0\0\0\0\0\0\0\0\0\0\0\0\0\0\0\0\0\0\0\0\0\0\0\0\0\0\0\0\0\0\0\0\0\0\0\0\0\0\0\0\0\0\0\0\0\0\0\0\0\0\0\0\0\0\0\0\0\0\0\0\0\0\0\0\0\0\0\0\0\0\0\0\0\0\0\0\0\0\0\0\0\0\0\0\0\0\0\0\0\0\0\0\0\0\0\0\0\0\0\0\0\0\0\0\0\0\0\0\0\0\0\0\0\0\0\0\0\0\0\0\0\0\0\0\0\0\0\0\0\0\0\0\0\0\0\0\0\0\0\0\0\0\0\0\0\0\0\0\0\0\0\0\0\0\0\0\0\0\0\0\0\0\0\0\0\0\0\0\0\0\0\0\0\0\0\0\0\0\0\0\0\0\0\0\0\0\0\0\0\0\0\0\0\0\0\0\0\0\0\0\0\0\0\0\0\0\0\0\0\0\0\0\0\0\0\0\0\0\0\0\0\0\0\0\0\0\0\0\0\0\0\0\0\0\0\0\0\0\0\0\0\0\0\0\0\0\0\0\0\0\0\0\0\0\0\0\0\0\0\0\0\0\0\0\0\0\0\0\0\0\0\0\0\0\0\0\0\0\0\0\0\0\0\0\0\0\0\0\0\0\0\0\0\0\0\0\0\0\0\0\0\0\0\0\0\0\0\0\0\0\0\0\0\0\0\0\0\0\0\0\0\0\0\0\0\0\0\0\0\0\0\0\0\0\0\0\0\0\0\0\0\0\0\0\0\0\0\0\0\0\0\0\0\0\0\0\0\0\0\0\0\0\0\0\0\0\0\0\0\0\0\0\0\0\0\0\0\0\0\0\0\0\0\0\0\0\0\0\0\0\0\0\0\0\0\0\0\0\0\0\0\0\0\0\0\0\0\0\0\0\0\0\0\0\0\0\0\0\0\0\0\0\0\0\0\0\0\0\0\0\0\0\0\0\0\0\0\0\0\0\0\0\0\0\0\0\0\0\0\0\0\0\0\0\0\0\0\0\0\0\0\0\0\0\0\0\0\0\0\0\0\0\0\0\0\0\0\0\0\0\0\0\0\0\0\0\0\0\0\0\0\0\0\0\0\0\0\0\0\0\0\0\0\0\0\0\0\0\0\0\0\0\0\0\0\0\0\0\0\0\0\0\0\0\0\0\0\0\0\0\0\0\0\0\0\0\0\0\0\0\0\0\0\0\0\0\0\0\0\0\0\0\0\0\0\0\0\0\0\0\0\0\0\0\0\0\0\0\0\0\0\0\0\0\0\0\0\0\0\0\0\0\0\0\0\0\0\0\0\0\0\0\0\0\0\0\0\0\0\0\0\0\0\0\0\0\0\0\0\0\0\0\0\0\0\0\0\0\0\0\0\0\0\0\0\0\0\0\0\0\0\0\0\0\0\0\0\0\0\0\0\0\0\0\0\0\0\0\0\0\0\0\0\0\0\0\0\0\0\0\0\0\0\0\0\0\0\0\0\0\0\0\0\0\0\0\0\0\0\0\0\0\0\0\0\0\0\0\0\0\0\0\0\0\0\0\0\0\0\0\0\0\0\0\0\0\0\0\0\0\0\0\0\0\0\0\0\0\0\0\0\0\0\0\0\0\0\0\0\0\0\0\0\0\0\0\0\0\0\0\0\0\0\0\0\0\0\0\0\0\0\0\0\0\0\0\0\0\0\0\0\0\0\0\0\0\0\0\0\0\0\0\0\0\0\0\0\0\0\0\0\0\0\0\0\0\0\0\0\0\0\0\0\0\0\0\0\0\0\0\0\0\0\0\0\0\0\0\0\0\0\0\0\0\0\0\0\0\0\0\0\0\0\0\0\0\0\0\0\0\0\0\0\0\0\0\0\0\0\0\0\0\0\0\0\0\0\0\0\0\0\0\0\0\0\0\0\0\0\0\0\0\0\0\0\0\0\0\0\0\0\0\0\0\0\0\0\0\0\0\0\0\0\0\0\0\0\0\0\0\0\0\0\0\0\0\0\0\0\0\0\0\0\0\0\0\0\0\0\0\0\0\0\0\0\0\0\0\0\0\0\0\0\0\0\0\0\0\0\0\0\0\0\0\0\0\0\0\0\0\0\0\0\0\0\0\0\0\0\0\0\0\0\0\0\0\0\0\0\0\0\0\0\0\0\0\0\0\0\0\0\0\0\0\0\0\0\0\0\0\0\0\0\0\0\0\0\0\0\0\0\0\0\0\0\0\0\0\0\0\0\0\0\0\0\0\0\0\0\0\0\0\0\0\0\0\0\0\0\0\0\0\0\0\0\0\0\0\0\0\0\0\0\0\0\0\0\0\0\0\0\0\0\0\0\0\0\0\0\0\0\0\0\0\0\0\0\0\0\0\0\0\0\0\0\0\0\0\0\0\0\0\0\0\0\0\0\0\0\0\0\0\0\0\0\0\0\0\0\0\0\0\0\0\0\0\0\0\0\0\0\0\0\0\0\0\0\0\0\0\0\0\0\0\0\0\0\0\0\0\0\0\0\0\0\0\0\0\0\0\0\0\0\0\0\0\0\0\0\0\0\0\0\0\0\0\0\0\0\0\0\0\0\0\0\0\0\0\0\0\0\0\0\0\0\0\0\0\0\0\0\0\0\0\0\0\0\0\0\0\0\0\0\0\0\0\0\0\0\0\0\0\0\0\0\0\0\0\0\0\0\0\0\0\0\0\0\0\0\0\0\0\0\0\0\0\0\0\0\0\0\0\0\0\0\0\0\0\0\0\0\0\0\0\0\0\0\0\0\0\0\0\0\0\0\0\0\0\0\0\0\0\0\0\0\0\0\0\0\0\0\0\0\0\0\0\0\0\0\0\0\0\0\0\0\0\0\0\0\0\0\0\0\0\0\0\0\0\0\0\0\0\0\0\0\0\0\0\0\0\0\0\0\0\0\0\0\0\0\0\0\0\0\0\0\0\0\0\0\0\0\0\0\0\0\0\0\0\0\0\0\0\0\0\0\0\0\0\0\0\0\0\0\0\0\0\0\0\0\0\0\0\0\0\0\0\0\0\0\0\0\0\0\0\0\0\0\0\0\0\0\0\0\0\0\0\0\0\0\0\0\0\0\0\0\0\0\0\0\0\0\0\0\0\0\0\0\0\0\0\0\0\0\0\0\0\0\0\0\0\0\0\0\0\0\0\0\0\0\0\0\0\0\0\0\0\0\0\0\0\0\0\0\0\0\0\0\0\0\0\0\0\0\0\0\0\0\0\0\0\0\0\0\0\0\0\0\0\0\0\0\0\0\0\0\0\0\0\0\0\0\0\0\0\0\0\0\0\0\0\0\0\0\0\0\0\0\0\0\0\0\0\0\0\0\0\0\0\0\0\0\0\0\0\0\0\0\0\0\0\0\0\0\0\0\0\0\0\0\0\0\0\0\0\0\0\0\0\0\0\0\0\0\0\0\0\0\0\0\0\0\0\0\0\0\0\0\0\0\0\0\0\0\0\0\0\0\0\0\0\0\0\0\0\0\0\0\0\0\0\0\0\0\0\0\0\0\0\0\0\0\0\0\0\0\0\0\0\0\0\0\0\0\0\0\0\0\0\0\0\0\0\0\0\0\0\0\0\0\0\0\0\0\0\0\0\0\0\0\0\0\0\0\0\0\0\0\0\0\0\0\0\0\0\0\0\0\0\0\0\0\0\0\0\0\0\0\0\0\0\0\0\0\0\0\0\0\0\0\0\0\0\0\0\0\0\0\0\0\0\0\0\0\0\0\0\0\0\0\0\0\0\0\0\0\0\0\0\0\0\0\0\0\0\0\0\0\0\0\0\0\0\0\0\0\0\0\0\0\0\0\0\0\0\0\0\0\0\0\0\0\0\0\0\0\0\0\0\0\0\0\0\0\0\0\0\0\0\0\0\0\0\0\0\0\0\0\0\0\0\0\0\0\0\0\0\0\0\0\0\0\0\0\0\0\0\0\0\0\0\0\0\0\0\0\0\0\0\0\0\0\0\0\0\0\0\0\0\0\0\0\0\0\0\0\0\0\0\0\0\0\0\0\0\0\0\0\0\0\0\0\0\0\0\0\0\0\0\0\0\0\0\0\0\0\0\0\0\0\0\0\0\0\0\0\0\0\0\0\0\0\0\0\0\0\0\0\0\0\0\0\0\0\0\0\0\0\0\0\0\0\0\0\0\0\0\0\0\0\0\0\0\0\0\0\0\0\0\0\0\0\0\0\0\0\0\0\0\0\0\0\0\0\0\0\0\0\0\0\0\0\0\0\0\0\0\0\0\0\0\0\0\0\0\0\0\0\0\0\0\0\0\0\0\0\0\0\0\0\0\0\0\0\0\0\0\0\0\0\0\0\0\0\0\0\0\0\0\0\0\0\0\0\0\0\0\0\0\0\0\0\0\0\0\0\0\0\0\0\0\0\0\0\0\0\0\0\0\0\0\0\0\0\0\0\0\0\0\0\0\0\0\0\0\0\0\0\0\0\0\0\0\0\0\0\0\0\0\0\0\0\0\0\0\0\0\0\0\0\0\0\0\0\0\0\0\0\0\0\0\0\0\0\0\0\0\0\0\0\0\0\0\0\0\0\0\0\0\0\0\0\0\0\0\0\0\0\0\0\0\0\0\0\0\0\0\0\0\0\0\0\0\0\0\0\0\0\0\0\0\0\0\0\0\0\0\0\0\0\0\0\0\0\0\0\0\0\0\0\0\0\0\0\0\0\0\0\0\0\0\0\0\0\0\0\0\0\0\0\0\0\0\0\0\0\0\0\0\0\0\0\0\0\0\0\0\0\0\0\0\0\0\0\0\0\0\0\0\0\0\0\0\0\0\0\0\0\0\0\0\0\0\0\0\0\0\0\0\0\0\0\0\0\0\0\0\0\0\0\0\0\0\0\0\0\0\0\0\0\0\0\0\0\0\0\0\0\0\0\0\0\0\0\0\0\0\0\0\0\0\0\0\0\0\0\0\0\0\0\0\0\0\0\0\0\0\0\0\0\0\0\0\0\0\0\0\0\0\0\0\0\0\0\0\0\0\0\0\0\0\0\0\0\0\0\0\0\0\0\0\0\0\0\0\0\0\0\0\0\0\0\0\0\0\0\0\0\0\0\0\0\0\0\0\0\0\0\0\0\0\0\0\0\0\0\0\0\0\0\0\0\0\0\0\0\0\0\0\0\0\0\0\0\0\0\0\0\0\0\0\0\0\0\0\0\0\0\0\0\0\0\0\0\0\0\0\0\0\0\0\0\0\0\0\0\0\0\0\0\0\0\0\0\0\0\0\0\0\0\0\0\0\0\0\0\0\0\0\0\0\0\0\0\0\0\0\0\0\0\0\0\0\0\0\0\0\0\0\0\0\0\0\0\0\0\0\0\0\0\0\0\0\0\0\0\0\0\0\0\0\0\0\0\0\0\0\0\0\0\0\0\0\0\0\0\0\0\0\0\0\0\0\0\0\0\0\0\0\0\0\0\0\0\0\0\0\0\0\0\0\0\0\0\0\0\0\0\0\0\0\0\0\0\0\0\0\0\0\0\0\0\0\0\0\0\0\0\0\0\0\0\0\0\0\0\0\0\0\0\0\0\0\0\0\0\0\0\0\0\0\0\0\0\0\0\0\0\0\0\0\0\0\0\0\0\0\0\0\0\0\0\0\0\0\0\0\0\0\0\0\0\0\0\0\0\0\0\0\0\0\0\0\0\0\0\0\0\0\0\0\0\0\0\0\0\0\0\0\0\0\0\0\0\0\0\0\0\0\0\0\0\0\0\0\0\0\0\0\0\0\0\0\0\0\0\0\0\0\0\0\0\0\0\0\0\0\0\0\0\0\0\0\0\0\0\0\0\0\0\0\0\0\0\0\0\0\0\0\0\0\0\0\0\0\0\0\0\0\0\0\0\0\0\0\0\0\0\0\0\0\0\0\0\0\0\0\0\0\0\0\0\0\0\0\0\0\0\0\0\0\0\0\0\0\0\0\0\0\0\0\0\0\0\0\0\0\0\0\0\0\0\0\0\0\0\0\0\0\0\0\0\0\0\0\0\0\0\0\0\0\0\0\0\0\0\0\0\0\0\0\0\0\0\0\0\0\0\0\0\0\0\0\0\0\0\0\0\0\0\0\0\0\0\0\0\0\0\0\0\0\0\0\0\0\0\0\0\0\0\0\0\0\0\0\0\0\0\0\0\0\0\0\0\0\0\0\0\0\0\0\0\0\0\0\0\0\0\0\0\0\0\0\0\0\0\0\0\0\0\0\0\0\0\0\0\0\0\0\0\0\0\0\0\0\0\0\0\0\0\0\0\0\0\0\0\0\0\0\0\0\0\0\0\0\0\0\0\0\0\0\0\0\0\0\0\0\0\0\0\0\0\0\0\0\0\0\0\0\0\0\0\0\0\0\0\0\0\0\0\0\0\0\0\0\0\0\0\0\0\0\0\0\0\0\0\0\0\0\0\0\0\0\0\0\0\0\0\0\0\0\0\0\0\0\0\0\0\0\0\0\0\0\0\0\0\0\0\0\0\0\0\0\0\0\0\0\0\0\0\0\0\0\0\0\0\0\0\0\0\0\0\0\0\0\0\0\0\0\0\0\0\0\0\0\0\0\0\0\0\0\0\0\0\0\0\0\0\0\0\0\0\0\0\0\0\0\0\0\0\0\0\0\0\0\0\0\0\0\0\0\0\0\0\0\0\0\0\0\0\0\0\0\0\0\0\0\0\0\0\0\0\0\0\0\0\0\0\0\0\0\0\0\0\0\0\0\0\0\0\0\0\0\0\0\0\0\0\0\0\0\0\0\0\0\0\0\0\0\0\0\0\0\0\0\0\0\0\0\0\0\0\0\0\0\0\0\0\0\0\0\0\0\0\0\0\0\0\0\0\0\0\0\0\0\0\0\0\0\0\0\0\0\0\0\0\0\0\0\0\0\0\0\0\0\0\0\0\0\0\0\0\0\0\0\0\0\0\0\0\0\0\0\0\0\0\0\0\0\0\0\0\0\0\0\0\0\0\0\0\0\0\0\0\0\0\0\0\0\0\0\0\0\0\0\0\0\0\0\0\0\0\0\0\0\0\0\0\0\0\0\0\0\0\0\0\0\0\0\0\0\0\0\0\0\0\0\0\0\0\0\0\0\0\0\0\0\0\0\0\0\0\0\0\0\0\0\0\0\0\0\0\0\0\0\0\0\0\0\0\0\0\0\0\0\0\0\0\0\0\0\0\0\0\0\0\0\0\0\0\0\0\0\0\0\0\0\0\0\0\0\0\0\0\0\0\0\0\0\0\0\0\0\0\0\0\0\0\0\0\0\0\0\0\0\0\0\0\0\0\0\0\0\0\0\0\0\0\0\0\0\0\0\0\0\0\0\0\0\0\0\0\0\0\0\0\0\0\0\0\0\0\0\0\0\0\0\0\0\0\0\0\0\0\0\0\0\0\0\0\0\0\0\0\0\0\0\0\0\0\0\0\0\0\0\0\0\0\0\0\0\0\0\0\0\0\0\0\0\0\0\0\0\0\0\0\0\0\0\0\0\0\0\0\0\0\0\0\0\0\0\0\0\0\0\0\0\0\0\0\0\0\0\0\0\0\0\0\0\0\0\0\0\0\0\0\0\0\0\0\0\0\0\0\0\0\0\0\0\0\0\0\0\0\0\0\0\0\0\0\0\0\0\0\0\0\0\0\0\0\0\0\0\0\0\0\0\0\0\0\0\0\0\0\0\0\0\0\0\0\0\0\0\0\0\0\0\0\0\0\0\0\0\0\0\0\0\0\0\0\0\0\0\0\0\0\0\0\0\0\0\0\0\0\0\0\0\0\0\0\0\0\0\0\0\0\0\0\0\0\0\0\0\0\0\0\0\0\0\0\0\0\0\0\0\0\0\0\0\0\0\0\0\0\0\0\0\0\0\0\0\0\0\0\0\0\0\0\0\0\0\0\0\0\0\0\0\0\0\0\0\0\0\0\0\0\0\0\0\0\0\0\0\0\0\0\0\0\0\0\0\0\0\0\0\0\0\0\0\0\0\0\0\0\0\0\0\0\0\0\0\0\0\0\0\0\0\0\0\0\0\0\0\0\0\0\0\0\0\0\0\0\0\0\0\0\0\0\0\0\0\0\0\0\0\0\0\0\0\0\0\0\0\0\0\0\0\0\0\0\0\0\0\0\0\0\0\0\0\0\0\0\0\0\0\0\0\0\0\0\0\0\0\0\0\0\0\0\0\0\0\0\0\0\0\0\0\0\0\0\0\0\0\0\0\0\0\0\0\0\0\0\0\0\0\0\0\0\0\0\0\0\0\0\0\0\0\0\0\0\0\0\0\0\0\0\0\0\0\0\0\0\0\0\0\0\0\0\0\0\0\0\0\0\0\0\0\0\0\0\0\0\0\0\0\0\0\0\0\0\0\0\0\0\0\0\0\0\0\0\0\0\0\0\0\0\0\0\0\0\0\0\0\0\0\0\0\0\0\0\0\0\0\0\0\0\0\0\0\0\0\0\0\0\0\0\0\0\0\0\0\0\0\0\0\0\0\0\0\0\0\0\0\0\0\0\0\0\0\0\0\0\0\0\0\0\0\0\0\0\0\0\0\0\0\0\0\0\0\0\0\0\0\0\0\0\0\0\0\0\0\0\0\0\0\0\0\0\0\0\0\0\0\0\0\0\0\0\0\0\0\0\0\0\0\0\0\0\0\0\0\0\0\0\0\0\0\0\0\0\0\0\0\0\0\0\0\0\0\0\0\0\0\0\0\0\0\0\0\0\0\0\0\0\0\0\0\0\0\0\0\0\0\0\0\0\0\0\0\0\0\0\0\0\0\0\0\0\0\0\0\0\0\0\0\0\0\0\0\0\0\0\0\0\0\0\0\0\0\0\0\0\0\0\0\0\0\0\0\0\0\0\0\0\0\0\0\0\0\0\0\0\0\0\0\0\0\0\0\0\0\0\0\0\0\0\0\0\0\0\0\0\0\0\0\0\0\0\0\0\0\0\0\0\0\0\0\0\0\0\0\0\0\0\0\0\0\0\0\0\0\0\0\0\0\0\0\0\0\0\0\0\0\0\0\0\0\0\0\0\0\0\0\0\0\0\0\0\0\0\0\0\0\0\0\0\0\0\0\0\0\0\0\0\0\0\0\0\0\0\0\0\0\0\0\0\0\0\0\0\0\0\0\0\0\0\0\0\0\0\0\0\0\0\0\0\0\0\0\0\0\0\0\0\0\0\0\0\0\0\0\0\0\0\0\0\0\0\0\0\0\0\0\0\0\0\0\0\0\0\0\0\0\0\0\0\0\0\0\0\0\0\0\0\0\0\0\0\0\0\0\0\0\0\0\0\0\0\0\0\0\0\0\0\0\0\0\0\0\0\0\0\0\0\0\0\0\0\0\0\0\0\0\0\0\0\0\0\0\0\0\0\0\0\0\0\0\0\0\0\0\0\0\0\0\0\0\0\0\0\0\0\0\0\0\0\0\0\0\0\0\0\0\0\0\0\0\0\0\0\0\0\0\0\0\0\0\0\0\0\0\0\0\0\0\0\0\0\0\0\0\0\0\0\0\0\0\0\0\0\0\0\0\0\0\0\0\0\0\0\0\0\0\0\0\0\0\0\0\0\0\0\0\0\0\0\0\0\0\0\0\0\0\0\0\0\0\0\0\0\0\0\0\0\0\0\0\0\0\0\0\0\0\0\0\0\0\0\0\0\0\0\0\0\0\0\0\0\0\0\0\0\0\0\0\0\0\0\0\0\0\0\0\0\0\0\0\0\0\0\0\0\0R98\0\0\0\0\0\00100\0\0\0\0\0\0\0\0\0\0\0\0\Z\0\0\0\0#\0\0\0\0\0\0#\0\0(\0\0\0\0\0\0\0\0\0\0\0#\0\0\0\0\0\0\0\0\0\0\0\0H\0\0\0\0\0\0H\0\0\0\0\0\0\0JFIF\0\0`\0`\0\0\0C\0		\n\r\Z\Z $.\' \",#(7),01444\'9=82<.342\0C			\r\r2!!22222222222222222222222222222222222222222222222222\0\0\0k\"\0\0\0\0\0\0\0\0\0\0\0\0	\n\0\0\0\0}\0!1AQa\"q2#BR$3br	\n\Z%&\'()*456789:CDEFGHIJSTUVWXYZcdefghijstuvwxyz\0\0\0\0\0\0\0\0	\n\0\0\0w\0!1AQaq\"2B	#3Rbr\n$4%\Z&\'()*56789:CDEFGHIJSTUVWXYZcdefghijstuvwxyz\0\0\0?\0y B]W5ųёQ__AWLh2h-	\nc[01V[Ar~shYm;{F?f`z~U!Eu\r {ns9SK0FL*)r#pGUH VW1j1Iq$n)1N[!GrxFefaiJ[\\zW}lwKtq9jqDF%ܨaGmcGF9Fs*F偓cE=Ewx \".\\:fҰu%E\\+[DkEGy4>cn ,n\nu_G)CAQ	[q&s$x?JĆ M.`t@8\rvҙRQ铞)RAraQE1Cc\r5hx\'osQhhnblHH=ďlGZj=$U[d\\|ǒq]1sw5@J2ZhZX[xCR^٤*fك,9Y6?:Ek[R]ZġZf\'9\ZIYGB2+NKBz+ܞ+4\'BR1Nb<Icp3jL^Z~hZeF^Ƿm$$PH\')ԫ$`JNȝ9 ޳ʐkRW9WcndSӯn|O?\\rmpEil~1GZnvBZ΅tGkR;WhV1R0Ozu	a9ojHJ(ҍM@\\&uc[,\n׏UQ:Ζz6f\\L$*GrOa\\_yOE/!~dێ1ssֆRUxLK\"TtJ+yazl\0V\\)-!$p7*lRpGAi-kXKe27o-/[P$GF\0 ~821(bx/jW8?5A]yjѴ{jH}{bR+SQv,Kpt	C/궚xjۤ\no%G|{k»ܴpKm0ϒUc\0aU+z\ZB745{32`7$ߟNji=,Rwܞ{VBYN*iMFv~A\\(j|zUYO$zam,:zՅf+~uw$M)=As:ܡA\'ҫ]j+ncTF$gUkbf)u#<ShP\0d؆\0W݀$$tyn|`H(bG\\w39\0MbƏ&\0Q\0p>i_+wWO5W$\nkJ\'5[ܐ\"4ECǶ?J;+ntZ.C<U凩+JQY#UmnR{\0?°̺q<|vei[QGE⏠49BaDZld^+\0ie+8zڰn݃k93RDvrtIZ\\fjv+nT==VcnULq\'8l;{йDIfyHL8vAjbMhx5	B[=u?|gP뜟Һ]¼\0;gؼ3۰`O93;+lvmrrÜz\Z=kѣN:dNS8@FsT[LeϗT[&*&~=.cʜ~tǏp\0\nx#75h1ԴO9ZT!ιrԫgUMn˴Mi[-v,<%=#ڔW~+q tiSόct_CES6@*1@ WZAH+g@y9^b.XV2w4Nnu+y/Z~BUp\0\\S9<M\0 $\\,jG^s6y@SdWIl=)k&1ܞt^-{Up<#&dڷBGb̟Z֗`+	ݻI-\rx,EXKX~UZv%gCqc\0x\nuW$0z^5Js	kH֔t!Ӌ7gj4>\\wj]*Y}Fu8\Z[+&Bϸ@GkT֦3`R>_o=\rgҨB7si2^\"ayw\\ ꤎNSҺ{kE%y$8#uY\\ܓSW`桖\0֫yx)YlX]ϴaO?U%w-yEۤi%i? j=i\'k#8kv\0C\0		\n\r\Z\Z $.\' \",#(7),01444\'9=82<.342\0C			\r\r2!!22222222222222222222222222222222222222222222222222\0\"\0\0\0\0\0\0\0\0\0\0\0\0	\n\0\0\0\0}\0!1AQa\"q2#BR$3br	\n\Z%&\'()*456789:CDEFGHIJSTUVWXYZcdefghijstuvwxyz\0\0\0\0\0\0\0\0	\n\0\0\0w\0!1AQaq\"2B	#3Rbr\n$4%\Z&\'()*56789:CDEFGHIJSTUVWXYZcdefghijstuvwxyz\0\0\0?\03l=)گ;)DJiti14T6`pa\\VE34VȦTKE_&aD)14V1SLu`LU\\ISqM12*|RE)6TƓ\"mqIw-m0})qXm&ړJ.!i6ԔXf6%1O3bE;n(:1Nn)1NQu%0bPhb\0PbE\0vi犍G\Za\ZiDij,a}0Ւ0M<c\"bjV1XaduI=`94=*ER\0dj$CiMmEg$e4HpS>SG$KHR\nO_Tv\0iNS^i_J=3csUqXǥ0~c*~4!<S)Tj*ߒQvq+S$J(ZJb\nCKIHE%i(RRP ((EP#<\r<a8XL4L&0OJSM5DґҚCLP:LCriJ	HT(8OsM	1z)#QƩ\rsVb\04HUWu9©iVs*C6I6Hf-2 \05A-MJxzvU.5arÑ׊bJ:J=o8Y\"Guk:A=R1dGUy,tr[P뎕Qra֫V0ZMG[R@QpTZȫS%SSOCǥ_x\\{T~J6\n{JB)hҡٔgnH9QӵF\00jP*AZUea򵢕q!$))hBQEJ)i(QE\0RRPIKIޘQ@O&5\ZO8ɪDiTHHix\n1g*qJ=(֬:W>pw2sWw`Umsڄ&DvO&=*;LXkFdy`A˱qF{La^0[UcQGr*ej8.be8\"ǎ1ZrD$NP.O&	^w$[T+Lg\"*[4He}4$=\rlŽF=w\nƊ=j \n7a)=El%91zgx2*rwLe/0ˎ3M[s\\T+.j8}+RK%\r\\~j`,\nŹ:N;0UdPAwV̈sܦMl7*ǜzթѕ$[sP#ޯ#$bL͢^@zR&yfmED%PIKE1	EPIKI\0(PQKE0;LjVkG{iޜiCO4IR2h+O5b(S<H\"bE+x-\\?*Ǖ v,p{LLnR+uRzՓ\nJ\n\'|j=1MJ\0L\"];rkbXċ9ɬĄ5-ȔE3ojN^6=h2{UIS$ZEx\"5pYo!q֍ہ֒Z)<9\\,sM7*֜^<#unzUv?/N\ZGm|YR*!nK|AP#:8Y\n	#i۶/^4H3ޡF?T4ԁPHoӢG9gxR;VAq?<gw|/1ϭG\'n}[8{!lSbҸa)ᑶ4;\0P}*GcީLrziLI,r?;Uy6ZE$eFxrGOU3&zQՂ3znMif%:(QI@\'\0QE\0QEM4Қi\0-T=hQsS2G7aq<Lg4H;WsqLfcHlhaTȑ8׵DqTpNTKc&B>Qgqʚ7}j9P}r=WȖF9Xx\'\nPlOJ[!FM&XjX5vOR77gleڶ\r!U@@YbC(ơU{յfP(=*6\n#UحJ .W4J!{TsSm=ڋ2}үqڜ!f}?{OTnt9AMh\nZOj$$|1]=Ɵnd^}lwyU捱ִ݄`QY7sn?ҵF[UqERi[H݃=*(5Y Fe=NFN+Tfeed8:HyǥFH#HBPȣ8jbIXn83eg@\09S\nSՆL\05	$\0G+Dh{S*ңeZ&CDxJw*xHJZJb\n(\0%S&M&\0\rɢ?5!R1:UbxG0c{AR:S*B\0\'SWڊB/Rd3M\rHTpJ95Z6]P\"J2TdUV\ZmoTJV)j~2+N+Bc\'ҥUq<MsZA	׹n	kQƧjȻX8Sx8&M #	c$8)Y`80^X)d`bkE*f?Z\00ӊ%bC\Zh&@`\\JcR	\"&_ZXqҝOi<nK/R2:IʜZd\\hk\nMZ8\Z	ߥC5-lqGwFEgk|Rbve1î)iWVs$zTRqZ\'\"$I[4\rzfIl7kE;nfksP2yC\"8kX3)F==4jihRڗiǨNhy6ʫĢ))(-\0%Q@GzmGJ]F\\W=#٧(	9Ub\n,Ȍ;<SFl{oQש۽ʀ|[gԷ`_|Zćs2B2H¥\0N{R@Q[n+fUyiG󭘐\Z圮ka\0r*qZH=\'55ՄQbWN})TENH4&,Qե@{SQ*ʨ	ۜSLG*_j3NĔqҢdeqQ04&UeV\n\n(J]eOҁXxRKpst@\r0,ԉ0Eg6Gp觌U\Z/Q@m\"|]ȭc5nQzZQd;U)4KG,1cbSz\Zd=x\\姖c5NjFS[|7SU5O{RF*݉G>շ#Z>~*2#ڢ1`5Isօ;IhXuR*7E3T%Ōe>SPGcVc\0*$MZ(:|ֻ+6Sqd]FrTןSc#.#T6dyIxP̖k&V1SYPar3ԚWٵx4g1g#济R捃gASYDDVn-1Rp>hLrZ{oփ+&א=fz\Zf/CJgp\'\\yq?QV8LW¸S,c/\0O1T=};S( \'4P\0\"&^j&\ZzTNx4\n$Svҋ\r2L\r[1HbQ9X]\nh z❅rUG+Yw9^%=)XW2>*	\"r9F㊊H{E6{Pv~UI+]!n1Z*U^C \'iu/8fF#\'֥Hw=+KMڪrI\n)8?5nu\\ի:Ki22A#\'!$0)z>~<Sv\"ĕ\'ZAZjV5\r;y@~3ɔ:\nM([:<ОkKNpG~kNnjO1򑊂{jC٬A\r%rY.JK+1U	jCVD2s)<V6 ]Wh0#[-ZحHVEAh5.¸[AKV,zT2j *t\0\Z\nAQcS0qNN`	ByDG,xlbE%piB*&j\0IQ̱	l(MUm\"(\'<QZ_<\0(๪kOqQ2r% REspCfl?oax{Vڪc\\iKs쮛Ӽ\nQx([)\n`\n<֓(BSPhִv)05c9凊2bIsZ$EvR\rf]۫/LKG6G>T$D)6Og\n}_Dl\03Z9snEE\r&%{,%Rk{\"!}GLW\rQ*˵RMjV<+)856,N:RZnx=Ek4%ù^\"Gѡާұ.!bХrZq#W 2Cvr1l2s.>Z|:ך$w/ږՏGMeުyGKaCߐⓨ\'zu]9۵ewuD˝W;<%U7j7¡:VтObOJTyQ`FGtkl7J-Xb46\"<\nBjPޥGOLeFzՔ۽Zr(\\Ո\0j5v\rM!1|ɫV.\nPFўZi գ6V^CjXu5s&\n:ջZf!gsDX\0/$[q-`MQ	{Ydxbh.rM=fLy&{ZܻXՖc;Ⱥڤ(_ưg׬ccH2t:Rz$ҹCd7,}m]K:Tz6ZF8=9=O8cdTfL犼AP\"F<ިJn##gM32Y2|۱UvֵJ͹B^d_9QʟPK,񝣧Ef5q^Hn\\;ҾG2JG=>]\Zي\Z5hl!#\nŷ$lv\rK&|ڡv<_qҹJ!%$ȧcVcZ祓tF:T*Һ-BS\0~r\05Fqs^7}NJgkt?#>%) n]g9tmT9lM#Nk2KWa߂	g#,Ս֨Ӹ),1%\\6qM5^ufA4N팯\r]nH+8PNFfLQQ4$[ex*s0zYɓz޶q&o@r]Cf۾@iXdJ4SļsW#\\cNjZ,+f<cX0G@%\rg6rZXc)=y&\'=)6JA|`Թ/c,JKbfudɥ+r{&I8QڹCim\'>iqSkux7qUJeBr7tF9KOcz,E\Z4)&=Aߵ<o]NYH#7ӠE֜䖱)E[GpõcwҺ[P8e*ҹvkn5#D\r0J>QRZbD=*\nBΞ0AȬT#h*l\\Vtd\Zmvnu0\rqhqN[Fe;`Lj0ZT=d[ƜGXh\0/u%kFXh\"U(6U*n[C;4nJV8^5y&&Lե[] zV$~5(ksrЂU[ cҬ60T/%_L]Czg0qԎfli\r:Q\0֌/#v8{Ulc#a4mHe8aKjd\'<j-d[݊c1	?DnU!\nԃP߿sI\nږU}\Z-y6zfK9CQ4R:i2iD%ׄH\rHqVw\n1/A*sMH<oXzsV95\\zz=jU%\ZjrlV$\\8=ٙSƹlI[7Kff1d7~%ϔ\\BYPQ\"``O UF͉бԬeYp9SY!R@#?y&yK\'^EYXxs2}?M6ZA.Zϵ;v\0ZΔZ2T(qUIA$S\0\0MPFޔM~@@ʹgC2班ḟҶf\0|)cLȤ[;faW%Mft\Z7O;]& }юJMjDE;6I4\\kAo$U`W4׏\ZRx\0gڴ7љܵxXר瞸5\"]_9r`<p^p=8{{FlKxf2K)jUT6RPms[^f2Z3b_aR<`Lzs]g,:G&c<VF>Xf\nTINI(@,mGQY\nF9Ρ%1rQ#^@g)I&}kwLEs6=*}:p<Z8$)jzf@jifc:nSc[d/RGbL->Y*XF2sZV,Q\'ޞΎ\\YKCROlG\\\nHn+oj\0*\\,;qh%dkԋNh.	$n=Fj2E\rn\ZX	9$D\Z\\r4;UOj HDȡ!-U8R\nқyQCAv	*hAR\0sz*ybx*ZB%NQ5\"\rgN::Q@ɓҭ8NPK)KJȻ]#Dv}S1q2.f>vͯ.::W*)!|6kznSZs\0DX>֡ʐK1U֣I H\0;`uKo#j>Y3h+2XN4V= \\U|Z7~p͖OҊrR5es:dQ,w>n:V-4fƂSFy3Hg9֐sM\rA?8gcKYG1_Z&θ?<F)ӟP涊wuKB<] X22ƼD*nOY%Q\nҹ#0VU$u\n+\'VRJse.\\jdyҹOŶ;G$砬fU1A;}ZYhF		m~w罞Mm\\L@a\'^8m6ns^w\0oj=64H3g=*Q:Z[y8浺z)RIF&fNYNA+ʧ<>S<4JW4n馚Vg^\nғU-%܀U4C)1\nnw*J櫫fN)<֑U.r#9U\\\0bٵemf=A8HTեb95m8StGUYi\nNyٴomJ3\nϝz֌LΝQ0qA#JqTn\"5늩24!3-b^5SLŖp9S@ZvdKRAWEofH m<=Xt+{\'cJrH*%Mi~ۢ7θ+&r4I\'\nbrn(F%8)j27\nq>}zc\\4T-9ONSdR\'LrYirtaڝo1G\"\r)3@56܂&ljfq0HqZD-רd(sڼ/]YVʦ?=|ɾ	J\0tyk\\!<\n獯vjοK4=--UpkMLhwr@^+RFkRMi*ɫ4g\nLдl:q?ں}xR.Ⱦ枈wY9nٗFFMS(>y\'qӦCZQ\\!1Cb8\nWYّҚ\Zt~SLwb6$mX2Af85̅jkQL\ZesDڪc?.b5a&ϵç/1ޘ6l}\ZAMe-\0z.պd2ħ9RMOn<Y	)bL:VzCqUfsYG\"2M~]W_tup\\.\nqѐqtW#;zvgDUHwrv$gNےr7$x,ڔ@{ߎe,+&2IW)H3nu5799 FzUӊ뉄ԖRxL~jUɦqI`Ұ?w;{TlS{sz\0\n.˨݀ViJH;@=n\'I`Z6PdW;euV0qm\r֤*sDnUF*T|j6=j\Z4DQG#>޵y#P:TQ&Ү\"erjM)GH{PH][\'ڱ;Sҩ)dm\\Gֺ;A[DҼ`v4e9#W+Ɵ.+2VBdFq¡{Uk\0>ҋXf۞f)3T˨1֕£g8\nDzzD5<ybk+v\0%3Cba85*ppj\\i\\d.FUVsg>nj,}ڂPXQҠIt5r쵘zkmwCq+JO2d5$?*FjKK7+E,s1}kRҗ޴]āfHi<+JJ̙x*gr#5`ÜS\0zfS914SiAQi39F=%)֥_zԲcXFG^$9RI\rk~A1I\r>xgq:BmV`msxvqKs^y9ۣ	(?g5ˋ5&-1㚥nr\08YK1/\"Y\\yj!$h,©jڶ2JBd*e#bk9s\\:\rh[NWu\\_JFAk\0\\ȵ4&lqUIAŲ5OAI_6\\v ¦=㎾jVj|So^*ltުKvU\'\n	*PIX\05y`ubYAr	\"@	޺K))*2l#[\\FM1B8 TV\"*5aR4&Mp#*ˎy]|kԱ<碩HV5\'+޵.pdQa֔2FEj[;;95Q\'ެTkXOk\\2ȋ0Fڡ80?ZjɂW@+k{4PhQފb\Z~n}*\nrj ٫6*Z1%g&kYoJ+/#\'ʭi|;NkCM2OmAȬ[/~ب*д\\|SVrI$%_RS`yȔCI=fO\"\0ꬠ)yƥTSvE8՛\0TW;LG5ۜff\0Êύ gse*Vq҄$RHU-NR34c#5Qmau˚6[i|	mh¤\r[Qo榍CcRSoV3ҨGpb$Q~2 *]L ךbךʹ{\"={\n}*0+\0sժc9QɮO\'NSY}m5ct9͛\\}sTUܤgɲiX}kfޕlkb2wfh40sL&hdQ֤\nS\n6+:B3Wflfn9gI\Zh$pN+WS84ZXӸ&.SF5pkk\\,8*Hr\'LU)8fsIӨ+)<)?sj3ԊFHii\r (0\" \nmO`hh.XnZTIVqxvM3O?l$rv6sB%OJO(Two{Ux.\0Bn\\BSQg]7i-NMc^eVQ6,e\'q׵QLJ\rP瞵lg*;?jE]9K;4y<jZ!p2*AE\'qWn¶5eIǥKU`E<\0)ɡZlHviŷ=Vvj\04ުK:Z.hQW5SA\rɪIf.SM@ם\"zՋH%a<LAd֫m\0Cjdsԭ&[\nŅ\0Y0mP/Z@cE%gҟ1[lקgddTÓպ]4&shq;P:h舠h]3L0*QC%暧F<RYiUf|\nb*\\Ƀd\\֭]k\ZcH3̑ӊ-ޕB5LGZ058J[ƽR8Joý8ob\\|UYyZp8tr+ $\nMB9Z4HEE\0>qNi=CwI4uF|Ik1Bs\'Hp>_QyȌs\\&쎘EZn{ǭPaěcfa0rOJpxВ\0ƨM+<\'FQ+xKReQiXic;u	ۀ<s3NěZ4_Gs\ZOjm;tĆqk{uSgzWJ|CGvYs ǭbyA`9Y20k2Qc85BxIor[=zmt1|8D(@ʚ͕TdZEZZdwU!dWqL3Vⵍ@ڠZCzV޵ Ľ\n̆xkVK/3d)=jX[n9$\r?xZE,;MOZ->qTcqS})9\\IR(@1ȡĽ0)Ӏ\'N@Q|)ҝXObndMbdgSIs>NaoVv.YۈaUj.ԁs=aD=in3*Wb-NN\"\n5jxBq{-ǡV֭mI~|wZ	8j&p4ΘҷG<,IKIHbQE(8\"ڣSK7\Z56cTRfyK1\'\'P3QHdvj/_j\nBŎi	X+&IJ*)#4i;f\\4gގZC\"\Z<;lX/K(+20܉tg_0y^Sx[-\\z;{Qqi q\'Des p3VdE9r:~	\r5CzG<VmrŶxRNoO:Hޕ<@zZ䌫zjH:bMzu0yH;`\02zUչ\0uP@ƽ-MKQJYOJ^$k1V\0qU<d(A2sH5e1Đcˁvߛ4n{Q`e[+fڄ\0\ZIw52F|HɁԚ߆%%Ev0c0;BHAaY[mۭ$Wd*Ɓnew_U_+=k>}\r5{fv8uME#+ABL篥b$737tӕd1<Ss[VT(pAuQ-o4R(J;ɧd(h9n/0g4yhb7ZAփޘ\ZNRSޛJ=(Gjm;484A֎\ZA@qIK8~qa0h%$$8F\'ңBWI)\'X?Zֶצvɞ3^xRS\0;qXJh۞i|]c,#ך#w|8+MqsX8i~mhTdNF\rK\rL$fZ\"O Ppyܿ/57)\Z@$$j04Lr1N1 zȪH.ZS=j:EX\0*A *K,J{U9$;y</rjX+\Z1&i\n$R%n\"S+^ԭ\"IyoZ\\*Af㸣aJ\n1HS7_Z365!tpzA8\'Oa&Wi(ծS\\V~xv.c#\"(1ַF*l#[G11+bbŉ;Sk=\rrmvƢRg2q3\0p<RPzQ\0Up֐m9.;\r֝=(qR?J4\Z1VQQy*yy`?0\0֦S<R`O0=@?4ߏNⱵ@eԺ>[zU[2~5n*Akmd\"v#QD$9ڡ1mLgm2LqTXJ9j=4N^Ƚei#`ǏZ-|Hcl{ן<cqrz,zڥ	rzJl¢(\"էޣrfM#`_Z;7]E0?UI|§2)5ZƧ@jc֦Ps;wbyp0k2Q%CbFkk9џңUȚ--\"$j\0w+oQ,Qձ[b$-ޣ/<i;UVfe1zZ8s&i_FVMw\nOsT֪[hV}䜏?\Za]{Âg:@Qdd^<ڊ(\0ɮC@P<gZ0U#MXdnHTg7+}-cmb뚪\'9i荶OJcYQ.<~Y2j_/) Њ\ZjJp.Pe6\"ԓ52X*eN\Z_̧!RGc5TdK}kk3|jtsW>G)9\0ר°A=;wďT3;/:U)HeZO,lna>uCjjZx6:ta^$I)jqѓ69[\nvូz$T+8ǽ7q.r)yV7ƶG8ڟO388#-dEH\'!0EAtD6^\"eEix@Y\\+ȧF=3՜Ś)4zt>-`QjGuy*ǥ:Un@(JVњ)Gl]_qim?Tox7X:j᫔saӃ[(\'I74T@{V&8li)6+$I҃94Zk7!Iǵ7s@ls@8*&\"ٻ\0k/^?:Q>(&ZGms&	8lY*/%85A{0uqTntR8#Ub$x4i2ExV8Z/l\nxZԪ\n}YVդԪj@L;fԂ**di|*ԪҐjAJԪH\ntF\rI\Z\Zf^K0;VB=*4sXڳ.tprּ\Z%=Ei\Z(pw6JVz,K9dWU:sΓZ\0HK,r~evk{repR@Ո[#\ZGeё8D5Y6^H֜u&A&jjMUE Glts3A`M\'K4Tbd1\'eIŌ]~)~` cmٚ)juTkrFIȮycWiwMo}pAi~#XZ6]rɱρk1X2YZp1ֲR-ޣvjp1qiV&28e=I6N`d*2ʅ_ޠ7\ndQ<85Mf$Qsiŉ$ZL֚9qX5q`\rmzDj8AY6sըtYW瑚,JRomqOUrjejڦ_VSV#<VL5*j(ۚ`T\"ySQ@*{@ASR\"QJY4\ZYe1b.)LPxaP4#Ҵ>*&r[j#ml4uE?59Q͟F\nj^qDq3hx9\\II Wq$2ZϚfڣWR}g*GFJ\"0ɑY7ַ5r*B褫`pGF#lXO5QO֞z&P=0jDd9a[7F}}jKց<z\Zӳ,;/Ofd*֔4y\0\n4u\"KcLSlJB3lWA݉E1%Y\Z#OU(o\"Yͦˊ_:$醬Y<T}`Ui\0jsIghAӚ_9{e\\t9Z2viR\">$Hw&{2:$wU\'bI$VH!0;W\\}\'|aA}ڴ{S|-ÒSS)⪂j@WCD\\SSw!_³hpj6+5$V6hՅ`x*!2৩:&\rH\"sA皡X4+WVnܲƵqIGЁGWYj&QJrG,:ZaQIbLh?WvqHVsBpVmn3h1Xz&O#S4̆haʸ\'HjIG<\ZKF\"ӺV~[M ^Oҡ(9WZ}i-t\"\\Ȫ9gqmS\r1*QoR٭N$Ix\ZkhZM*ܶԧtekY5a)δ/ʔ/;T:n!r?N\ns޸wv.c=ٹ!HOhjXV%Ҭ:m-ݔgheBbr-vݯǥG4m;P!\0h?恉;43m}jLPG(xbȒAc\\{ɤ8J *m-^+ N0	&M#$Ȋѷ&`!q3ڜ#ݱqҔGE 8*dcErECn7XFB%p4QLkFs׭oGES<*\"(`DGZ(e!1iB\ZCzb\rފ*ytqk:OFĆ*k`nV1>աk\0\n(ǵP$$~\\QXϵGqE)4qx5iyE}N4(]ٗ{)5X1EpMPؙSsd$梊ϡ}J:pLp\\/+K9?\Z(E0{R\0]\0\\qM۸$){4:Etb:#Ոi>Q\\Q','S',1,'A'),(2,'5237715','liliam','campo','calle 26 esquina de la carrera 35','0251-8481459','0426-9575962','liliamyolcampo@hotmail.com','F','1957-08-07','\0JFIF\0\0\0\0\0\0\0\0	( \Z%!1\"%)+...383,7(-.+\n\n\n\r\Z\Z,$$,,,,,,,,,,,,,,,,,,,,,,,,,,,,,,,,,,,,,,,,,,,,,,,,,,\0\0\"\0\0\0\0\0\0\0\0\0\0\0\0\0\0\0\0A\0\0\0\0\0\0!1AQaq\"2BRb#3Sr$4c\0\0\0\0\0\0\0\0\0\0\0\0\0\0\0#\0\0\0\0\0\0\0\0!1AQ2qa\0\0\0?\0qT)lLFD\\LFĂȣFE\Z,Fč(Y!4C}\n&6$otR6)zh-whoT\\~U n*&5z\n}B\0AzIX\0rwySJ\0h4ܠ<QSk4nA=\\l8rTu\\\"dXpus>A-p\'֜Ί gZ9kND6}a4Ɣ\'Fn\r5A#,m.MrUzK #- \Zޔ\nI@\0A1y۾r]kOU\"3KC\\Ɵ\ZeL48kbw4ps+C#qqN疞(-\r}\0\rcE{\'L>w{+|\r\\+@t\\uTR7ݠ-͙ZTJӞX[t(\0\'1N\0A-H=y#LCؚKd	,iB\Z<Ѡf94Ѧ\nSAA`ެM\Zf&\0<E[k42G12yQ5QQ#_бSбIȘȚN6##PMiRtܷŤEl\\nҭȢzm#~S&\Zܭ\0a(?3Rƍ}o\'	<w=OR:Ӣ3p&E΅S#(8Ίtn~BC]}T}{,)2t\Z5f\Z\\_l=S}SчQmJMi\nPwlv(\"g=hzxV.uwGm-d]X2͖+q)ǑLfZ\rp%,l٭9ZUZ{1;715nxtOrLbk@ZzBC檜CHCHXAL<Kbs;ؘ\'754\'52WQ\rQ%	ZZQqSQq#Zƭ#\0QQ9y=|cW>06[R<9D.GׅP1RIJ+5M\05gc!O|4o!r.>)cODd-&ՂW\"v\0V,KI\'LxS_T^à\'lM{\\WÙ@\r;|kǱA菆4$-L`j\"DsXTUv{^U϶]>`GWL9jћG<\0Ei%[ǳ@\0؊B\r~}8]׍M),!$!V!A\03ڇCڀVje+Ps50U;R؛ԾvE4|-BB\\\rG,RDqDAPkB~A5|^kWDwWѮ<}8FMzUWׂZh\Z:;ښy~}qD6h-bG:M]ޯ낕	cH>CU&_^sP5:?+,l0,*X	-qȔp164E{[b5Fn\Z0ϹZAeKs^̳TY@9\\aC]qcakjs\0\\:,!z٠BAKx@	 BJ$0]3RښLt.T\0Rc\0$q<A\Z\rcZ*Jw{rkq\Zfq*iDV,yWBZ>#p4ĩ#s<\0~AuQ]j.dtW5U0ǘi&[| s\ZǒVo^\'~2E0H*MiAݔz\Z.~L4ߏ=<iBfe<[KBґű3Bb;K~[Ğ_*cf$7+K7yl8g˦6ʾ,f*QC3):~;jCaNbˊc/,xykʆջSd}TmZz,:}Bo\\.XYm{ֵZ9-s~jb\\DE%eyܲ,&8ۗ\0,h\0OGhQ9/uDaP)*^rIB2D,\0&	|2/&Exc>		 GD)hQW8A!n\0)\\;M)]\0h-pIapqАwVx{q\Z{WpB퓳=ߕ.3N<~,n\n[AKf\'\r\r\\lYzŃ\Z2@\ZuGa6^FkCcM[gGłQ%S	`TnInZv4fy֗.&Α͠ikh\\5ӘMQc\n,61h{t\'F\n}Trc,^}l48Q/lX٠nK.eͲZ@E8\nnNT,anR+_7]5L\"z%X7\\z5W,GR4\r)糶qpdl-x<z jv<JR*%ʧ\\zdCJ\ndtdtv!/~!/~		t		QР!(1\"BD IAqO@*J\0#K9u3Zw.]ѽ@{i9\ZMmƧ\\kHЀ|:=ݻ%.ha:}_Mͺ?WUaSL66;;rD`0\nSAwꗵ]Drܴ)mE>;qF~-8A;<4:)Ӈ,NPOk%AF`CFE$v6B2F-u5sݠ\'$\0?d\0Akqc%X5ֻ͇j((7SUŏˏ?e-T\n	*^rLYJ\"B/)|0_(q\0uD@R\naH@Qf\"(\nc>.fw8|b0E.n\0ᣩSt6pNƾ͓P6@Ԁ,x\\T{F,ZA뒋~kWq0l4L+W6G\Ziͻ`޸ovtλ헶v湮A\"u88hz67\n/LIh7UmR8N1Ău4J(n4JY}^0F3/ADk@Dq%Һ霩ں\0\0ÈM3s5dT&s])J|Cca{\0\"\'<k0֙(\\|p+\\摘y\']d\0r0L>:eX2敿H[Gf]X0j螹x^hD\"TPH9PqT<)%(\nR\r1K(ܗ,A@;/u\0P%p\r raB&eE.E{Lğtխ7Usl9PGHe78^k?=?:(Mƀ<\Z<Rlu8#GVoFRFv46g8٠r{msZHV6&:BdM|1;\"J9>j3\\YǸdu\Z3ڜ=,wxhfm^Ƹā^K?|+VbvC)r	gM17LamM\'hZ: qvc\r\"¤H;f.o/6\'J8E4J:,8f5Y匟7S^IxݮJKnm#ӻ`i\0}Os\0k^Ȝ]\\\ZHʰpW63<&[Vؒ	\"YG4烇boH};g2|4?[ֵةWK].V<L-[\"d\rrsLC)sQ|(*$\"JIT​ByC©\\\\r];S/ ]_;Nu\090L/G/FDR^\ZD[ʣ5\\B\"p?+ۧ@PKwxY\\?JvF\n\\D:7,myԁBMt]#bhp\"1sL7sznr{\r$1јT\rN+$\\=:w|?7QJ%aj?jɊ`KX	?	В@*\rF\0+˝vqK1YbceĴ<IadĘQƳ+;Nmvӹo3\nCF\nuɕ,.*sk@′W\".8Ch\00 yLiA6ƫN;g7\\ϓ	=p:J%lx2^ٮ(E޶n\0܈@\n]ۇ47FsP EҞa_j縆i\0&[BCɿ[C@\0P#]HV^8^\'P&{9NG%z^ٞ%.ޗyނs790\'#azY=0k(^7蜔C\"lk\"as\0\'$n,kkL^R]\'4Z֟R;M˘\0\ZHRONA3@^ad6:\0GWk?D\0\04Xp\Z+b;#:JfEr0^NXlN]d˲\0UVu*1-PI@!)m`MkU<V\r%ivly:!EkRQFK&)E\n*eņ@6`IHY\rko(Uq2Dj:J;W&/nJ\'eu77;yunJqF\Z˘\'ڟg|Mmtsur%lz*9T={=cކ$zY,$f4sHDs=/٤@ATB9r\n^*b\0ؑXzE3,XiD,XŻT)g~kW7/?-KqHjbXT*Dl\0f-\0ca[[,^n\0\\bTTK,Rj$Bȱb$9V,@2U\0fALb`RX?','C',1,'A');
/*!40000 ALTER TABLE `propietarios` ENABLE KEYS */;
UNLOCK TABLES;

--
-- Table structure for table `propietarios_por_asamblea`
--

DROP TABLE IF EXISTS `propietarios_por_asamblea`;
/*!40101 SET @saved_cs_client     = @@character_set_client */;
/*!40101 SET character_set_client = utf8 */;
CREATE TABLE `propietarios_por_asamblea` (
  `propietario_id` int(11) NOT NULL,
  `asamblea_de_junta_id` int(11) NOT NULL,
  `status` char(1) NOT NULL,
  PRIMARY KEY (`propietario_id`,`asamblea_de_junta_id`),
  KEY `fk_relationship_46` (`asamblea_de_junta_id`),
  CONSTRAINT `fk_relationship_45` FOREIGN KEY (`propietario_id`) REFERENCES `propietarios` (`id`),
  CONSTRAINT `fk_relationship_46` FOREIGN KEY (`asamblea_de_junta_id`) REFERENCES `asambleas_de_juntas_de_condominios` (`id`)
) ENGINE=InnoDB DEFAULT CHARSET=latin1;
/*!40101 SET character_set_client = @saved_cs_client */;

--
-- Dumping data for table `propietarios_por_asamblea`
--

LOCK TABLES `propietarios_por_asamblea` WRITE;
/*!40000 ALTER TABLE `propietarios_por_asamblea` DISABLE KEYS */;
/*!40000 ALTER TABLE `propietarios_por_asamblea` ENABLE KEYS */;
UNLOCK TABLES;

--
-- Table structure for table `proveedores`
--

DROP TABLE IF EXISTS `proveedores`;
/*!40101 SET @saved_cs_client     = @@character_set_client */;
/*!40101 SET character_set_client = utf8 */;
CREATE TABLE `proveedores` (
  `id` varchar(20) NOT NULL,
  `condominio_id` int(11) NOT NULL,
  `nombre` varchar(60) NOT NULL,
  `direccion` varchar(255) NOT NULL,
  `telefono` varchar(12) DEFAULT NULL,
  `celular` varchar(12) NOT NULL,
  `email` varchar(30) DEFAULT NULL,
  `status` char(1) NOT NULL,
  PRIMARY KEY (`id`),
  KEY `fk_relationship_31` (`condominio_id`),
  CONSTRAINT `fk_relationship_31` FOREIGN KEY (`condominio_id`) REFERENCES `condominios` (`id`)
) ENGINE=InnoDB DEFAULT CHARSET=latin1;
/*!40101 SET character_set_client = @saved_cs_client */;

--
-- Dumping data for table `proveedores`
--

LOCK TABLES `proveedores` WRITE;
/*!40000 ALTER TABLE `proveedores` DISABLE KEYS */;
/*!40000 ALTER TABLE `proveedores` ENABLE KEYS */;
UNLOCK TABLES;

--
-- Table structure for table `recibos_condominios`
--

DROP TABLE IF EXISTS `recibos_condominios`;
/*!40101 SET @saved_cs_client     = @@character_set_client */;
/*!40101 SET character_set_client = utf8 */;
CREATE TABLE `recibos_condominios` (
  `attribute_7` int(10) NOT NULL AUTO_INCREMENT,
  `id` int(11) NOT NULL,
  `fac_id` int(11) NOT NULL,
  `descripcion` char(255) DEFAULT NULL,
  `fecha_emision` date DEFAULT NULL,
  `fecha_cancelacion` date DEFAULT NULL,
  `status` char(1) NOT NULL,
  PRIMARY KEY (`attribute_7`),
  KEY `fk_relationship_59` (`id`),
  KEY `fk_relationship_60` (`fac_id`),
  CONSTRAINT `fk_relationship_59` FOREIGN KEY (`id`) REFERENCES `inmuebles` (`id`),
  CONSTRAINT `fk_relationship_60` FOREIGN KEY (`fac_id`) REFERENCES `facturas` (`id`)
) ENGINE=InnoDB DEFAULT CHARSET=latin1;
/*!40101 SET character_set_client = @saved_cs_client */;

--
-- Dumping data for table `recibos_condominios`
--

LOCK TABLES `recibos_condominios` WRITE;
/*!40000 ALTER TABLE `recibos_condominios` DISABLE KEYS */;
/*!40000 ALTER TABLE `recibos_condominios` ENABLE KEYS */;
UNLOCK TABLES;

--
-- Table structure for table `recibos_gastos_extras`
--

DROP TABLE IF EXISTS `recibos_gastos_extras`;
/*!40101 SET @saved_cs_client     = @@character_set_client */;
/*!40101 SET character_set_client = utf8 */;
CREATE TABLE `recibos_gastos_extras` (
  `id` int(10) NOT NULL AUTO_INCREMENT,
  `gasto_extra_id` int(11) NOT NULL,
  `descripcion` varchar(255) DEFAULT NULL,
  `fecha_emision` date DEFAULT NULL,
  `fecha_cancelacion` date DEFAULT NULL,
  `status` char(1) NOT NULL,
  PRIMARY KEY (`id`),
  KEY `fk_relationship_74` (`gasto_extra_id`),
  CONSTRAINT `fk_relationship_74` FOREIGN KEY (`gasto_extra_id`) REFERENCES `gastos_extras` (`id`)
) ENGINE=InnoDB DEFAULT CHARSET=latin1;
/*!40101 SET character_set_client = @saved_cs_client */;

--
-- Dumping data for table `recibos_gastos_extras`
--

LOCK TABLES `recibos_gastos_extras` WRITE;
/*!40000 ALTER TABLE `recibos_gastos_extras` DISABLE KEYS */;
/*!40000 ALTER TABLE `recibos_gastos_extras` ENABLE KEYS */;
UNLOCK TABLES;

--
-- Table structure for table `reservaciones`
--

DROP TABLE IF EXISTS `reservaciones`;
/*!40101 SET @saved_cs_client     = @@character_set_client */;
/*!40101 SET character_set_client = utf8 */;
CREATE TABLE `reservaciones` (
  `id` int(10) NOT NULL AUTO_INCREMENT,
  `inmueble_id` int(11) DEFAULT NULL,
  `area_comun_id` int(11) DEFAULT NULL,
  `fecha_reservacion` date NOT NULL,
  `fecha_uso` date NOT NULL,
  `hora_inicio` time NOT NULL,
  `hora_final` time NOT NULL,
  `numero_de_invitados` int(3) NOT NULL,
  `lista_invitados` longblob,
  `estado` char(1) NOT NULL,
  `observacion` varchar(255) NOT NULL,
  `status` char(1) NOT NULL,
  PRIMARY KEY (`id`),
  KEY `fk_relationship_18` (`inmueble_id`),
  KEY `fk_relationship_19` (`area_comun_id`),
  CONSTRAINT `fk_relationship_18` FOREIGN KEY (`inmueble_id`) REFERENCES `inmuebles` (`id`),
  CONSTRAINT `fk_relationship_19` FOREIGN KEY (`area_comun_id`) REFERENCES `areas_comunes` (`id`)
) ENGINE=InnoDB AUTO_INCREMENT=3 DEFAULT CHARSET=latin1;
/*!40101 SET character_set_client = @saved_cs_client */;

--
-- Dumping data for table `reservaciones`
--

LOCK TABLES `reservaciones` WRITE;
/*!40000 ALTER TABLE `reservaciones` DISABLE KEYS */;
INSERT INTO `reservaciones` VALUES (1,1,1,'2014-02-02','2014-02-12','16:00:00','22:00:00',0,'1-Liliam Campo de Rodriguez\n2-Eligio Rodriguez\n3-Elisamar Rodriguez\n4-Victor Hugo Rodriguez\n5-Jose Leonardo Jerez\n','V','','A'),(2,2,4,'2013-12-10','2014-03-01','20:00:00','03:00:00',0,'1-Liliam Campo de Rodriguez\n2-Eligio Rodriguez\n3-Elisamar Rodriguez\n4-Victor Hugo Rodriguez\n5-Jose Leonardo Jerez\n','A','','A');
/*!40000 ALTER TABLE `reservaciones` ENABLE KEYS */;
UNLOCK TABLES;

--
-- Table structure for table `roles`
--

DROP TABLE IF EXISTS `roles`;
/*!40101 SET @saved_cs_client     = @@character_set_client */;
/*!40101 SET character_set_client = utf8 */;
CREATE TABLE `roles` (
  `id` int(10) NOT NULL AUTO_INCREMENT,
  `nombre` varchar(60) NOT NULL,
  `descripcion` varchar(255) DEFAULT NULL,
  `status` char(1) NOT NULL,
  PRIMARY KEY (`id`)
) ENGINE=InnoDB AUTO_INCREMENT=6 DEFAULT CHARSET=latin1;
/*!40101 SET character_set_client = @saved_cs_client */;

--
-- Dumping data for table `roles`
--

LOCK TABLES `roles` WRITE;
/*!40000 ALTER TABLE `roles` DISABLE KEYS */;
INSERT INTO `roles` VALUES (1,'administrador',NULL,'A'),(2,'propietario',NULL,'A'),(3,'junta',NULL,'A'),(4,'empleado',NULL,'A'),(5,'root',NULL,'A');
/*!40000 ALTER TABLE `roles` ENABLE KEYS */;
UNLOCK TABLES;

--
-- Table structure for table `sanciones`
--

DROP TABLE IF EXISTS `sanciones`;
/*!40101 SET @saved_cs_client     = @@character_set_client */;
/*!40101 SET character_set_client = utf8 */;
CREATE TABLE `sanciones` (
  `id` int(10) NOT NULL AUTO_INCREMENT,
  `inmueble_id` int(11) DEFAULT NULL,
  `tip_id` int(11) DEFAULT NULL,
  `descripcion` varchar(255) NOT NULL,
  `fecha_realizacion` date NOT NULL,
  `condicion` char(1) NOT NULL,
  `estado_solvencia` varchar(60) DEFAULT NULL,
  `status` char(1) NOT NULL,
  PRIMARY KEY (`id`),
  KEY `fk_relationship_15` (`inmueble_id`),
  KEY `fk_relationship_16` (`tip_id`),
  CONSTRAINT `fk_relationship_15` FOREIGN KEY (`inmueble_id`) REFERENCES `inmuebles` (`id`),
  CONSTRAINT `fk_relationship_16` FOREIGN KEY (`tip_id`) REFERENCES `tipo_sanciones` (`id`)
) ENGINE=InnoDB DEFAULT CHARSET=latin1;
/*!40101 SET character_set_client = @saved_cs_client */;

--
-- Dumping data for table `sanciones`
--

LOCK TABLES `sanciones` WRITE;
/*!40000 ALTER TABLE `sanciones` DISABLE KEYS */;
/*!40000 ALTER TABLE `sanciones` ENABLE KEYS */;
UNLOCK TABLES;

--
-- Table structure for table `servicios_comunes`
--

DROP TABLE IF EXISTS `servicios_comunes`;
/*!40101 SET @saved_cs_client     = @@character_set_client */;
/*!40101 SET character_set_client = utf8 */;
CREATE TABLE `servicios_comunes` (
  `id` int(10) NOT NULL AUTO_INCREMENT,
  `tipos_servicios_comunes_id` int(11) NOT NULL,
  `fecha` date DEFAULT NULL,
  `costo` float DEFAULT NULL,
  `recibo` longblob,
  `status` char(1) NOT NULL,
  PRIMARY KEY (`id`),
  KEY `fk_relationship_55` (`tipos_servicios_comunes_id`),
  CONSTRAINT `fk_relationship_55` FOREIGN KEY (`tipos_servicios_comunes_id`) REFERENCES `tipos_servicios_comunes` (`id`)
) ENGINE=InnoDB DEFAULT CHARSET=latin1;
/*!40101 SET character_set_client = @saved_cs_client */;

--
-- Dumping data for table `servicios_comunes`
--

LOCK TABLES `servicios_comunes` WRITE;
/*!40000 ALTER TABLE `servicios_comunes` DISABLE KEYS */;
/*!40000 ALTER TABLE `servicios_comunes` ENABLE KEYS */;
UNLOCK TABLES;

--
-- Table structure for table `soportes_de_recibos_pagos`
--

DROP TABLE IF EXISTS `soportes_de_recibos_pagos`;
/*!40101 SET @saved_cs_client     = @@character_set_client */;
/*!40101 SET character_set_client = utf8 */;
CREATE TABLE `soportes_de_recibos_pagos` (
  `id` int(10) NOT NULL AUTO_INCREMENT,
  `recibo_gasto_extra_id` int(11) DEFAULT NULL,
  `attribute_7` int(11) DEFAULT NULL,
  `descripcion` char(255) NOT NULL,
  `banco` varchar(60) NOT NULL,
  `numero_movimiento` varchar(20) NOT NULL,
  `fecha` date NOT NULL,
  `monto` float NOT NULL,
  `validar_pago` char(1) NOT NULL,
  `comprobante` longblob NOT NULL,
  `status` char(1) NOT NULL,
  PRIMARY KEY (`id`),
  KEY `fk_relationship_61` (`attribute_7`),
  KEY `fk_relationship_75` (`recibo_gasto_extra_id`),
  CONSTRAINT `fk_relationship_61` FOREIGN KEY (`attribute_7`) REFERENCES `recibos_condominios` (`attribute_7`),
  CONSTRAINT `fk_relationship_75` FOREIGN KEY (`recibo_gasto_extra_id`) REFERENCES `recibos_gastos_extras` (`id`)
) ENGINE=InnoDB DEFAULT CHARSET=latin1;
/*!40101 SET character_set_client = @saved_cs_client */;

--
-- Dumping data for table `soportes_de_recibos_pagos`
--

LOCK TABLES `soportes_de_recibos_pagos` WRITE;
/*!40000 ALTER TABLE `soportes_de_recibos_pagos` DISABLE KEYS */;
/*!40000 ALTER TABLE `soportes_de_recibos_pagos` ENABLE KEYS */;
UNLOCK TABLES;

--
-- Table structure for table `tipo_sanciones`
--

DROP TABLE IF EXISTS `tipo_sanciones`;
/*!40101 SET @saved_cs_client     = @@character_set_client */;
/*!40101 SET character_set_client = utf8 */;
CREATE TABLE `tipo_sanciones` (
  `id` int(10) NOT NULL AUTO_INCREMENT,
  `condominio_id` int(11) NOT NULL,
  `nombre` varchar(60) NOT NULL,
  `descripcion` varchar(255) DEFAULT NULL,
  `monto` float DEFAULT NULL,
  `penalizacion` varchar(255) DEFAULT NULL,
  `status` char(1) NOT NULL,
  PRIMARY KEY (`id`),
  KEY `fk_relationship_17` (`condominio_id`),
  CONSTRAINT `fk_relationship_17` FOREIGN KEY (`condominio_id`) REFERENCES `condominios` (`id`)
) ENGINE=InnoDB DEFAULT CHARSET=latin1;
/*!40101 SET character_set_client = @saved_cs_client */;

--
-- Dumping data for table `tipo_sanciones`
--

LOCK TABLES `tipo_sanciones` WRITE;
/*!40000 ALTER TABLE `tipo_sanciones` DISABLE KEYS */;
/*!40000 ALTER TABLE `tipo_sanciones` ENABLE KEYS */;
UNLOCK TABLES;

--
-- Table structure for table `tipos_empleados`
--

DROP TABLE IF EXISTS `tipos_empleados`;
/*!40101 SET @saved_cs_client     = @@character_set_client */;
/*!40101 SET character_set_client = utf8 */;
CREATE TABLE `tipos_empleados` (
  `id` int(10) NOT NULL AUTO_INCREMENT,
  `condominio_id` int(11) NOT NULL,
  `nombre` varchar(60) NOT NULL,
  `descripcion` varchar(255) DEFAULT NULL,
  `sueldo_base` float NOT NULL,
  `porcentaje_prima_hijos` float DEFAULT NULL,
  `status` char(1) NOT NULL,
  PRIMARY KEY (`id`),
  KEY `fk_relationship_12` (`condominio_id`),
  CONSTRAINT `fk_relationship_12` FOREIGN KEY (`condominio_id`) REFERENCES `condominios` (`id`)
) ENGINE=InnoDB DEFAULT CHARSET=latin1;
/*!40101 SET character_set_client = @saved_cs_client */;

--
-- Dumping data for table `tipos_empleados`
--

LOCK TABLES `tipos_empleados` WRITE;
/*!40000 ALTER TABLE `tipos_empleados` DISABLE KEYS */;
/*!40000 ALTER TABLE `tipos_empleados` ENABLE KEYS */;
UNLOCK TABLES;

--
-- Table structure for table `tipos_gastos_extras`
--

DROP TABLE IF EXISTS `tipos_gastos_extras`;
/*!40101 SET @saved_cs_client     = @@character_set_client */;
/*!40101 SET character_set_client = utf8 */;
CREATE TABLE `tipos_gastos_extras` (
  `id` int(10) NOT NULL AUTO_INCREMENT,
  `condominio_id` int(11) NOT NULL,
  `nombre` varchar(60) DEFAULT NULL,
  `descripcion` varchar(255) DEFAULT NULL,
  `status` char(1) NOT NULL,
  PRIMARY KEY (`id`),
  KEY `fk_relationship_73` (`condominio_id`),
  CONSTRAINT `fk_relationship_73` FOREIGN KEY (`condominio_id`) REFERENCES `condominios` (`id`)
) ENGINE=InnoDB DEFAULT CHARSET=latin1;
/*!40101 SET character_set_client = @saved_cs_client */;

--
-- Dumping data for table `tipos_gastos_extras`
--

LOCK TABLES `tipos_gastos_extras` WRITE;
/*!40000 ALTER TABLE `tipos_gastos_extras` DISABLE KEYS */;
/*!40000 ALTER TABLE `tipos_gastos_extras` ENABLE KEYS */;
UNLOCK TABLES;

--
-- Table structure for table `tipos_inmuebles`
--

DROP TABLE IF EXISTS `tipos_inmuebles`;
/*!40101 SET @saved_cs_client     = @@character_set_client */;
/*!40101 SET character_set_client = utf8 */;
CREATE TABLE `tipos_inmuebles` (
  `id` int(10) NOT NULL AUTO_INCREMENT,
  `condominio_id` int(11) DEFAULT NULL,
  `nombre` varchar(60) NOT NULL,
  `descripcion` varchar(255) DEFAULT NULL,
  `status` char(1) NOT NULL,
  PRIMARY KEY (`id`),
  KEY `fk_relationship_49` (`condominio_id`),
  CONSTRAINT `fk_relationship_49` FOREIGN KEY (`condominio_id`) REFERENCES `condominios` (`id`)
) ENGINE=InnoDB DEFAULT CHARSET=latin1;
/*!40101 SET character_set_client = @saved_cs_client */;

--
-- Dumping data for table `tipos_inmuebles`
--

LOCK TABLES `tipos_inmuebles` WRITE;
/*!40000 ALTER TABLE `tipos_inmuebles` DISABLE KEYS */;
/*!40000 ALTER TABLE `tipos_inmuebles` ENABLE KEYS */;
UNLOCK TABLES;

--
-- Table structure for table `tipos_publicaciones`
--

DROP TABLE IF EXISTS `tipos_publicaciones`;
/*!40101 SET @saved_cs_client     = @@character_set_client */;
/*!40101 SET character_set_client = utf8 */;
CREATE TABLE `tipos_publicaciones` (
  `id` int(8) NOT NULL AUTO_INCREMENT,
  `nombre` varchar(60) NOT NULL,
  `status` char(1) DEFAULT NULL,
  PRIMARY KEY (`id`)
) ENGINE=InnoDB AUTO_INCREMENT=3 DEFAULT CHARSET=latin1;
/*!40101 SET character_set_client = @saved_cs_client */;

--
-- Dumping data for table `tipos_publicaciones`
--

LOCK TABLES `tipos_publicaciones` WRITE;
/*!40000 ALTER TABLE `tipos_publicaciones` DISABLE KEYS */;
INSERT INTO `tipos_publicaciones` VALUES (1,'Queja','A'),(2,'Sugerencia','A');
/*!40000 ALTER TABLE `tipos_publicaciones` ENABLE KEYS */;
UNLOCK TABLES;

--
-- Table structure for table `tipos_servicios_comunes`
--

DROP TABLE IF EXISTS `tipos_servicios_comunes`;
/*!40101 SET @saved_cs_client     = @@character_set_client */;
/*!40101 SET character_set_client = utf8 */;
CREATE TABLE `tipos_servicios_comunes` (
  `id` int(10) NOT NULL AUTO_INCREMENT,
  `condominio_id` int(11) NOT NULL,
  `nombre` char(60) DEFAULT NULL,
  `descripcion` char(255) DEFAULT NULL,
  `status` char(1) NOT NULL,
  PRIMARY KEY (`id`),
  KEY `fk_relationship_54` (`condominio_id`),
  CONSTRAINT `fk_relationship_54` FOREIGN KEY (`condominio_id`) REFERENCES `condominios` (`id`)
) ENGINE=InnoDB DEFAULT CHARSET=latin1;
/*!40101 SET character_set_client = @saved_cs_client */;

--
-- Dumping data for table `tipos_servicios_comunes`
--

LOCK TABLES `tipos_servicios_comunes` WRITE;
/*!40000 ALTER TABLE `tipos_servicios_comunes` DISABLE KEYS */;
/*!40000 ALTER TABLE `tipos_servicios_comunes` ENABLE KEYS */;
UNLOCK TABLES;

--
-- Table structure for table `usuarios`
--

DROP TABLE IF EXISTS `usuarios`;
/*!40101 SET @saved_cs_client     = @@character_set_client */;
/*!40101 SET character_set_client = utf8 */;
CREATE TABLE `usuarios` (
  `id` int(10) NOT NULL AUTO_INCREMENT,
  `rol_id` int(11) DEFAULT NULL,
  `login` varchar(10) NOT NULL,
  `password` varchar(10) NOT NULL,
  `status` char(1) NOT NULL,
  PRIMARY KEY (`id`),
  KEY `fk_relationship_91` (`rol_id`),
  CONSTRAINT `fk_relationship_91` FOREIGN KEY (`rol_id`) REFERENCES `roles` (`id`)
) ENGINE=InnoDB AUTO_INCREMENT=4 DEFAULT CHARSET=latin1;
/*!40101 SET character_set_client = @saved_cs_client */;

--
-- Dumping data for table `usuarios`
--

LOCK TABLES `usuarios` WRITE;
/*!40000 ALTER TABLE `usuarios` DISABLE KEYS */;
INSERT INTO `usuarios` VALUES (1,1,'admin','123','A'),(2,2,'propi','123','A'),(3,1,'liliamyol','belleza57','A');
/*!40000 ALTER TABLE `usuarios` ENABLE KEYS */;
UNLOCK TABLES;
/*!40103 SET TIME_ZONE=@OLD_TIME_ZONE */;

/*!40101 SET SQL_MODE=@OLD_SQL_MODE */;
/*!40014 SET FOREIGN_KEY_CHECKS=@OLD_FOREIGN_KEY_CHECKS */;
/*!40014 SET UNIQUE_CHECKS=@OLD_UNIQUE_CHECKS */;
/*!40101 SET CHARACTER_SET_CLIENT=@OLD_CHARACTER_SET_CLIENT */;
/*!40101 SET CHARACTER_SET_RESULTS=@OLD_CHARACTER_SET_RESULTS */;
/*!40101 SET COLLATION_CONNECTION=@OLD_COLLATION_CONNECTION */;
/*!40111 SET SQL_NOTES=@OLD_SQL_NOTES */;

-- Dump completed on 2014-02-11 21:33:46
